Path,Label
/vans/vansvans250.jpg,1
/vans/vansvans244.jpg,1
/vans/vansvans278.jpg,1
/vans/vansvans293.jpg,1
/vans/vansvans287.jpg,1
/vans/vansvans59.jpg,1
/vans/vansvans65.jpg,1
/vans/vansvans71.jpg,1
/vans/vansvans126.jpg,1
/vans/vansvans132.jpg,1
/vans/vansvans324.jpg,1
/vans/vansvans330.jpg,1
/vans/vansvans318.jpg,1
/vans/vansvans1.jpg,1
/vans/vansvans0.jpg,1
/vans/vansvans319.jpg,1
/vans/vansvans331.jpg,1
/vans/vansvans325.jpg,1
/vans/vansvans133.jpg,1
/vans/vansvans127.jpg,1
/vans/vansvans70.jpg,1
/vans/vansvans64.jpg,1
/vans/vansvans58.jpg,1
/vans/vansvans286.jpg,1
/vans/vansvans292.jpg,1
/vans/vansvans279.jpg,1
/vans/vansvans245.jpg,1
/vans/vansvans251.jpg,1
/vans/vansvans247.jpg,1
/vans/vansvans253.jpg,1
/vans/vansvans284.jpg,1
/vans/vansvans290.jpg,1
/vans/vansvans72.jpg,1
/vans/vansvans66.jpg,1
/vans/vansvans99.jpg,1
/vans/vansvans131.jpg,1
/vans/vansvans125.jpg,1
/vans/vansvans119.jpg,1
/vans/vansvans333.jpg,1
/vans/vansvans327.jpg,1
/vans/vansvans2.jpg,1
/vans/vansvans3.jpg,1
/vans/vansvans326.jpg,1
/vans/vansvans332.jpg,1
/vans/vansvans118.jpg,1
/vans/vansvans124.jpg,1
/vans/vansvans130.jpg,1
/vans/vansvans98.jpg,1
/vans/vansvans67.jpg,1
/vans/vansvans73.jpg,1
/vans/vansvans291.jpg,1
/vans/vansvans285.jpg,1
/vans/vansvans252.jpg,1
/vans/vansvans246.jpg,1
/vans/vansvans242.jpg,1
/vans/vansvans256.jpg,1
/vans/vansvans281.jpg,1
/vans/vansvans295.jpg,1
/vans/vansvans77.jpg,1
/vans/vansvans63.jpg,1
/vans/vansvans88.jpg,1
/vans/vansvans108.jpg,1
/vans/vansvans134.jpg,1
/vans/vansvans120.jpg,1
/vans/vansvans7.jpg,1
/vans/vansvans336.jpg,1
/vans/vansvans322.jpg,1
/vans/vansvans323.jpg,1
/vans/vansvans337.jpg,1
/vans/vansvans6.jpg,1
/vans/vansvans121.jpg,1
/vans/vansvans135.jpg,1
/vans/vansvans109.jpg,1
/vans/vansvans89.jpg,1
/vans/vansvans62.jpg,1
/vans/vansvans76.jpg,1
/vans/vansvans294.jpg,1
/vans/vansvans280.jpg,1
/vans/vansvans257.jpg,1
/vans/vansvans243.jpg,1
/vans/vansvans269.jpg,1
/vans/vansvans255.jpg,1
/vans/vansvans241.jpg,1
/vans/vansvans296.jpg,1
/vans/vansvans282.jpg,1
/vans/vansvans60.jpg,1
/vans/vansvans74.jpg,1
/vans/vansvans48.jpg,1
/vans/vansvans123.jpg,1
/vans/vansvans137.jpg,1
/vans/vansvans4.jpg,1
/vans/vansvans309.jpg,1
/vans/vansvans321.jpg,1
/vans/vansvans335.jpg,1
/vans/vansvans334.jpg,1
/vans/vansvans320.jpg,1
/vans/vansvans308.jpg,1
/vans/vansvans5.jpg,1
/vans/vansvans136.jpg,1
/vans/vansvans122.jpg,1
/vans/vansvans49.jpg,1
/vans/vansvans75.jpg,1
/vans/vansvans61.jpg,1
/vans/vansvans283.jpg,1
/vans/vansvans297.jpg,1
/vans/vansvans240.jpg,1
/vans/vansvans254.jpg,1
/vans/vansvans268.jpg,1
/vans/vansvans233.jpg,1
/vans/vansvans227.jpg,1
/vans/vansvans12.jpg,1
/vans/vansvans145.jpg,1
/vans/vansvans151.jpg,1
/vans/vansvans179.jpg,1
/vans/vansvans186.jpg,1
/vans/vansvans192.jpg,1
/vans/vansvans347.jpg,1
/vans/vansvans353.jpg,1
/vans/vansvans352.jpg,1
/vans/vansvans346.jpg,1
/vans/vansvans193.jpg,1
/vans/vansvans187.jpg,1
/vans/vansvans178.jpg,1
/vans/vansvans150.jpg,1
/vans/vansvans144.jpg,1
/vans/vansvans13.jpg,1
/vans/vansvans226.jpg,1
/vans/vansvans232.jpg,1
/vans/vansvans224.jpg,1
/vans/vansvans230.jpg,1
/vans/vansvans218.jpg,1
/vans/vansvans39.jpg,1
/vans/vansvans11.jpg,1
/vans/vansvans152.jpg,1
/vans/vansvans146.jpg,1
/vans/vansvans191.jpg,1
/vans/vansvans185.jpg,1
/vans/vansvans350.jpg,1
/vans/vansvans344.jpg,1
/vans/vansvans345.jpg,1
/vans/vansvans351.jpg,1
/vans/vansvans184.jpg,1
/vans/vansvans190.jpg,1
/vans/vansvans147.jpg,1
/vans/vansvans153.jpg,1
/vans/vansvans10.jpg,1
/vans/vansvans38.jpg,1
/vans/vansvans219.jpg,1
/vans/vansvans231.jpg,1
/vans/vansvans225.jpg,1
/vans/vansvans209.jpg,1
/vans/vansvans221.jpg,1
/vans/vansvans235.jpg,1
/vans/vansvans14.jpg,1
/vans/vansvans28.jpg,1
/vans/vansvans157.jpg,1
/vans/vansvans143.jpg,1
/vans/vansvans194.jpg,1
/vans/vansvans180.jpg,1
/vans/vansvans369.jpg,1
/vans/vansvans355.jpg,1
/vans/vansvans341.jpg,1
/vans/vansvans340.jpg,1
/vans/vansvans354.jpg,1
/vans/vansvans368.jpg,1
/vans/vansvans181.jpg,1
/vans/vansvans195.jpg,1
/vans/vansvans142.jpg,1
/vans/vansvans156.jpg,1
/vans/vansvans29.jpg,1
/vans/vansvans15.jpg,1
/vans/vansvans234.jpg,1
/vans/vansvans220.jpg,1
/vans/vansvans208.jpg,1
/vans/vansvans236.jpg,1
/vans/vansvans222.jpg,1
/vans/vansvans17.jpg,1
/vans/vansvans168.jpg,1
/vans/vansvans140.jpg,1
/vans/vansvans154.jpg,1
/vans/vansvans183.jpg,1
/vans/vansvans197.jpg,1
/vans/vansvans342.jpg,1
/vans/vansvans356.jpg,1
/vans/vansvans357.jpg,1
/vans/vansvans343.jpg,1
/vans/vansvans196.jpg,1
/vans/vansvans182.jpg,1
/vans/vansvans155.jpg,1
/vans/vansvans141.jpg,1
/vans/vansvans169.jpg,1
/vans/vansvans16.jpg,1
/vans/vansvans223.jpg,1
/vans/vansvans237.jpg,1
/vans/vansvans212.jpg,1
/vans/vansvans206.jpg,1
/vans/vansvans27.jpg,1
/vans/vansvans33.jpg,1
/vans/vansvans164.jpg,1
/vans/vansvans170.jpg,1
/vans/vansvans158.jpg,1
/vans/vansvans366.jpg,1
/vans/vansvans372.jpg,1
/vans/vansvans373.jpg,1
/vans/vansvans367.jpg,1
/vans/vansvans159.jpg,1
/vans/vansvans171.jpg,1
/vans/vansvans165.jpg,1
/vans/vansvans32.jpg,1
/vans/vansvans26.jpg,1
/vans/vansvans207.jpg,1
/vans/vansvans213.jpg,1
/vans/vansvans205.jpg,1
/vans/vansvans211.jpg,1
/vans/vansvans239.jpg,1
/vans/vansvans18.jpg,1
/vans/vansvans30.jpg,1
/vans/vansvans24.jpg,1
/vans/vansvans173.jpg,1
/vans/vansvans167.jpg,1
/vans/vansvans198.jpg,1
/vans/vansvans371.jpg,1
/vans/vansvans365.jpg,1
/vans/vansvans359.jpg,1
/vans/vansvans358.jpg,1
/vans/vansvans364.jpg,1
/vans/vansvans370.jpg,1
/vans/vansvans199.jpg,1
/vans/vansvans166.jpg,1
/vans/vansvans172.jpg,1
/vans/vansvans25.jpg,1
/vans/vansvans31.jpg,1
/vans/vansvans19.jpg,1
/vans/vansvans238.jpg,1
/vans/vansvans210.jpg,1
/vans/vansvans204.jpg,1
/vans/vansvans228.jpg,1
/vans/vansvans200.jpg,1
/vans/vansvans214.jpg,1
/vans/vansvans35.jpg,1
/vans/vansvans21.jpg,1
/vans/vansvans176.jpg,1
/vans/vansvans162.jpg,1
/vans/vansvans189.jpg,1
/vans/vansvans348.jpg,1
/vans/vansvans360.jpg,1
/vans/vansvans361.jpg,1
/vans/vansvans349.jpg,1
/vans/vansvans188.jpg,1
/vans/vansvans163.jpg,1
/vans/vansvans177.jpg,1
/vans/vansvans20.jpg,1
/vans/vansvans34.jpg,1
/vans/vansvans215.jpg,1
/vans/vansvans201.jpg,1
/vans/vansvans229.jpg,1
/vans/vansvans217.jpg,1
/vans/vansvans203.jpg,1
/vans/vansvans22.jpg,1
/vans/vansvans36.jpg,1
/vans/vansvans149.jpg,1
/vans/vansvans161.jpg,1
/vans/vansvans175.jpg,1
/vans/vansvans363.jpg,1
/vans/vansvans362.jpg,1
/vans/vansvans174.jpg,1
/vans/vansvans160.jpg,1
/vans/vansvans148.jpg,1
/vans/vansvans37.jpg,1
/vans/vansvans23.jpg,1
/vans/vansvans202.jpg,1
/vans/vansvans216.jpg,1
/vans/vansvans271.jpg,1
/vans/vansvans265.jpg,1
/vans/vansvans259.jpg,1
/vans/vansvans78.jpg,1
/vans/vansvans44.jpg,1
/vans/vansvans50.jpg,1
/vans/vansvans87.jpg,1
/vans/vansvans93.jpg,1
/vans/vansvans107.jpg,1
/vans/vansvans113.jpg,1
/vans/vansvans305.jpg,1
/vans/vansvans8.jpg,1
/vans/vansvans311.jpg,1
/vans/vansvans339.jpg,1
/vans/vansvans338.jpg,1
/vans/vansvans310.jpg,1
/vans/vansvans9.jpg,1
/vans/vansvans304.jpg,1
/vans/vansvans112.jpg,1
/vans/vansvans106.jpg,1
/vans/vansvans92.jpg,1
/vans/vansvans86.jpg,1
/vans/vansvans51.jpg,1
/vans/vansvans45.jpg,1
/vans/vansvans79.jpg,1
/vans/vansvans258.jpg,1
/vans/vansvans264.jpg,1
/vans/vansvans270.jpg,1
/vans/vansvans266.jpg,1
/vans/vansvans272.jpg,1
/vans/vansvans299.jpg,1
/vans/vansvans53.jpg,1
/vans/vansvans47.jpg,1
/vans/vansvans90.jpg,1
/vans/vansvans84.jpg,1
/vans/vansvans110.jpg,1
/vans/vansvans104.jpg,1
/vans/vansvans138.jpg,1
/vans/vansvans312.jpg,1
/vans/vansvans306.jpg,1
/vans/vansvans307.jpg,1
/vans/vansvans313.jpg,1
/vans/vansvans139.jpg,1
/vans/vansvans105.jpg,1
/vans/vansvans111.jpg,1
/vans/vansvans85.jpg,1
/vans/vansvans91.jpg,1
/vans/vansvans46.jpg,1
/vans/vansvans52.jpg,1
/vans/vansvans298.jpg,1
/vans/vansvans273.jpg,1
/vans/vansvans267.jpg,1
/vans/vansvans263.jpg,1
/vans/vansvans277.jpg,1
/vans/vansvans288.jpg,1
/vans/vansvans56.jpg,1
/vans/vansvans42.jpg,1
/vans/vansvans95.jpg,1
/vans/vansvans81.jpg,1
/vans/vansvans129.jpg,1
/vans/vansvans115.jpg,1
/vans/vansvans101.jpg,1
/vans/vansvans317.jpg,1
/vans/vansvans303.jpg,1
/vans/vansvans302.jpg,1
/vans/vansvans316.jpg,1
/vans/vansvans100.jpg,1
/vans/vansvans114.jpg,1
/vans/vansvans128.jpg,1
/vans/vansvans80.jpg,1
/vans/vansvans94.jpg,1
/vans/vansvans43.jpg,1
/vans/vansvans57.jpg,1
/vans/vansvans289.jpg,1
/vans/vansvans276.jpg,1
/vans/vansvans262.jpg,1
/vans/vansvans248.jpg,1
/vans/vansvans274.jpg,1
/vans/vansvans260.jpg,1
/vans/vansvans41.jpg,1
/vans/vansvans55.jpg,1
/vans/vansvans69.jpg,1
/vans/vansvans82.jpg,1
/vans/vansvans96.jpg,1
/vans/vansvans102.jpg,1
/vans/vansvans116.jpg,1
/vans/vansvans328.jpg,1
/vans/vansvans300.jpg,1
/vans/vansvans314.jpg,1
/vans/vansvans315.jpg,1
/vans/vansvans301.jpg,1
/vans/vansvans329.jpg,1
/vans/vansvans117.jpg,1
/vans/vansvans103.jpg,1
/vans/vansvans97.jpg,1
/vans/vansvans83.jpg,1
/vans/vansvans68.jpg,1
/vans/vansvans54.jpg,1
/vans/vansvans40.jpg,1
/vans/vansvans261.jpg,1
/vans/vansvans275.jpg,1
/vans/vansvans249.jpg,1
/zappos/vans/zapposvans273.jpg,1
/zappos/vans/zapposvans267.jpg,1
/zappos/vans/zapposvans501.jpg,1
/zappos/vans/zapposvans26.jpg,1
/zappos/vans/zapposvans32.jpg,1
/zappos/vans/zapposvans298.jpg,1
/zappos/vans/zapposvans105.jpg,1
/zappos/vans/zapposvans111.jpg,1
/zappos/vans/zapposvans139.jpg,1
/zappos/vans/zapposvans461.jpg,1
/zappos/vans/zapposvans307.jpg,1
/zappos/vans/zapposvans313.jpg,1
/zappos/vans/zapposvans475.jpg,1
/zappos/vans/zapposvans449.jpg,1
/zappos/vans/zapposvans448.jpg,1
/zappos/vans/zapposvans312.jpg,1
/zappos/vans/zapposvans474.jpg,1
/zappos/vans/zapposvans460.jpg,1
/zappos/vans/zapposvans306.jpg,1
/zappos/vans/zapposvans138.jpg,1
/zappos/vans/zapposvans110.jpg,1
/zappos/vans/zapposvans104.jpg,1
/zappos/vans/zapposvans299.jpg,1
/zappos/vans/zapposvans33.jpg,1
/zappos/vans/zapposvans27.jpg,1
/zappos/vans/zapposvans266.jpg,1
/zappos/vans/zapposvans500.jpg,1
/zappos/vans/zapposvans272.jpg,1
/zappos/vans/zapposvans502.jpg,1
/zappos/vans/zapposvans264.jpg,1
/zappos/vans/zapposvans270.jpg,1
/zappos/vans/zapposvans258.jpg,1
/zappos/vans/zapposvans31.jpg,1
/zappos/vans/zapposvans25.jpg,1
/zappos/vans/zapposvans19.jpg,1
/zappos/vans/zapposvans112.jpg,1
/zappos/vans/zapposvans106.jpg,1
/zappos/vans/zapposvans476.jpg,1
/zappos/vans/zapposvans310.jpg,1
/zappos/vans/zapposvans304.jpg,1
/zappos/vans/zapposvans462.jpg,1
/zappos/vans/zapposvans338.jpg,1
/zappos/vans/zapposvans489.jpg,1
/zappos/vans/zapposvans488.jpg,1
/zappos/vans/zapposvans339.jpg,1
/zappos/vans/zapposvans305.jpg,1
/zappos/vans/zapposvans463.jpg,1
/zappos/vans/zapposvans477.jpg,1
/zappos/vans/zapposvans311.jpg,1
/zappos/vans/zapposvans107.jpg,1
/zappos/vans/zapposvans113.jpg,1
/zappos/vans/zapposvans18.jpg,1
/zappos/vans/zapposvans24.jpg,1
/zappos/vans/zapposvans30.jpg,1
/zappos/vans/zapposvans259.jpg,1
/zappos/vans/zapposvans271.jpg,1
/zappos/vans/zapposvans503.jpg,1
/zappos/vans/zapposvans265.jpg,1
/zappos/vans/zapposvans249.jpg,1
/zappos/vans/zapposvans261.jpg,1
/zappos/vans/zapposvans275.jpg,1
/zappos/vans/zapposvans34.jpg,1
/zappos/vans/zapposvans20.jpg,1
/zappos/vans/zapposvans117.jpg,1
/zappos/vans/zapposvans103.jpg,1
/zappos/vans/zapposvans329.jpg,1
/zappos/vans/zapposvans315.jpg,1
/zappos/vans/zapposvans473.jpg,1
/zappos/vans/zapposvans467.jpg,1
/zappos/vans/zapposvans301.jpg,1
/zappos/vans/zapposvans498.jpg,1
/zappos/vans/zapposvans499.jpg,1
/zappos/vans/zapposvans466.jpg,1
/zappos/vans/zapposvans300.jpg,1
/zappos/vans/zapposvans314.jpg,1
/zappos/vans/zapposvans472.jpg,1
/zappos/vans/zapposvans328.jpg,1
/zappos/vans/zapposvans102.jpg,1
/zappos/vans/zapposvans116.jpg,1
/zappos/vans/zapposvans21.jpg,1
/zappos/vans/zapposvans35.jpg,1
/zappos/vans/zapposvans274.jpg,1
/zappos/vans/zapposvans260.jpg,1
/zappos/vans/zapposvans506.jpg,1
/zappos/vans/zapposvans248.jpg,1
/zappos/vans/zapposvans276.jpg,1
/zappos/vans/zapposvans504.jpg,1
/zappos/vans/zapposvans262.jpg,1
/zappos/vans/zapposvans289.jpg,1
/zappos/vans/zapposvans23.jpg,1
/zappos/vans/zapposvans37.jpg,1
/zappos/vans/zapposvans128.jpg,1
/zappos/vans/zapposvans100.jpg,1
/zappos/vans/zapposvans114.jpg,1
/zappos/vans/zapposvans458.jpg,1
/zappos/vans/zapposvans302.jpg,1
/zappos/vans/zapposvans464.jpg,1
/zappos/vans/zapposvans470.jpg,1
/zappos/vans/zapposvans316.jpg,1
/zappos/vans/zapposvans471.jpg,1
/zappos/vans/zapposvans317.jpg,1
/zappos/vans/zapposvans303.jpg,1
/zappos/vans/zapposvans465.jpg,1
/zappos/vans/zapposvans459.jpg,1
/zappos/vans/zapposvans115.jpg,1
/zappos/vans/zapposvans101.jpg,1
/zappos/vans/zapposvans129.jpg,1
/zappos/vans/zapposvans36.jpg,1
/zappos/vans/zapposvans22.jpg,1
/zappos/vans/zapposvans288.jpg,1
/zappos/vans/zapposvans505.jpg,1
/zappos/vans/zapposvans263.jpg,1
/zappos/vans/zapposvans277.jpg,1
/zappos/vans/zapposvans210.jpg,1
/zappos/vans/zapposvans86.jpg,1
/zappos/vans/zapposvans204.jpg,1
/zappos/vans/zapposvans92.jpg,1
/zappos/vans/zapposvans238.jpg,1
/zappos/vans/zapposvans45.jpg,1
/zappos/vans/zapposvans51.jpg,1
/zappos/vans/zapposvans79.jpg,1
/zappos/vans/zapposvans166.jpg,1
/zappos/vans/zapposvans172.jpg,1
/zappos/vans/zapposvans199.jpg,1
/zappos/vans/zapposvans364.jpg,1
/zappos/vans/zapposvans402.jpg,1
/zappos/vans/zapposvans416.jpg,1
/zappos/vans/zapposvans370.jpg,1
/zappos/vans/zapposvans358.jpg,1
/zappos/vans/zapposvans359.jpg,1
/zappos/vans/zapposvans417.jpg,1
/zappos/vans/zapposvans371.jpg,1
/zappos/vans/zapposvans365.jpg,1
/zappos/vans/zapposvans403.jpg,1
/zappos/vans/zapposvans198.jpg,1
/zappos/vans/zapposvans173.jpg,1
/zappos/vans/zapposvans167.jpg,1
/zappos/vans/zapposvans78.jpg,1
/zappos/vans/zapposvans50.jpg,1
/zappos/vans/zapposvans44.jpg,1
/zappos/vans/zapposvans239.jpg,1
/zappos/vans/zapposvans93.jpg,1
/zappos/vans/zapposvans205.jpg,1
/zappos/vans/zapposvans87.jpg,1
/zappos/vans/zapposvans211.jpg,1
/zappos/vans/zapposvans207.jpg,1
/zappos/vans/zapposvans91.jpg,1
/zappos/vans/zapposvans213.jpg,1
/zappos/vans/zapposvans85.jpg,1
/zappos/vans/zapposvans52.jpg,1
/zappos/vans/zapposvans46.jpg,1
/zappos/vans/zapposvans171.jpg,1
/zappos/vans/zapposvans165.jpg,1
/zappos/vans/zapposvans159.jpg,1
/zappos/vans/zapposvans373.jpg,1
/zappos/vans/zapposvans415.jpg,1
/zappos/vans/zapposvans401.jpg,1
/zappos/vans/zapposvans367.jpg,1
/zappos/vans/zapposvans429.jpg,1
/zappos/vans/zapposvans398.jpg,1
/zappos/vans/zapposvans399.jpg,1
/zappos/vans/zapposvans428.jpg,1
/zappos/vans/zapposvans400.jpg,1
/zappos/vans/zapposvans366.jpg,1
/zappos/vans/zapposvans372.jpg,1
/zappos/vans/zapposvans414.jpg,1
/zappos/vans/zapposvans158.jpg,1
/zappos/vans/zapposvans164.jpg,1
/zappos/vans/zapposvans170.jpg,1
/zappos/vans/zapposvans47.jpg,1
/zappos/vans/zapposvans53.jpg,1
/zappos/vans/zapposvans84.jpg,1
/zappos/vans/zapposvans212.jpg,1
/zappos/vans/zapposvans90.jpg,1
/zappos/vans/zapposvans206.jpg,1
/zappos/vans/zapposvans202.jpg,1
/zappos/vans/zapposvans94.jpg,1
/zappos/vans/zapposvans216.jpg,1
/zappos/vans/zapposvans80.jpg,1
/zappos/vans/zapposvans57.jpg,1
/zappos/vans/zapposvans43.jpg,1
/zappos/vans/zapposvans148.jpg,1
/zappos/vans/zapposvans9.jpg,1
/zappos/vans/zapposvans174.jpg,1
/zappos/vans/zapposvans160.jpg,1
/zappos/vans/zapposvans438.jpg,1
/zappos/vans/zapposvans410.jpg,1
/zappos/vans/zapposvans376.jpg,1
/zappos/vans/zapposvans362.jpg,1
/zappos/vans/zapposvans404.jpg,1
/zappos/vans/zapposvans389.jpg,1
/zappos/vans/zapposvans388.jpg,1
/zappos/vans/zapposvans363.jpg,1
/zappos/vans/zapposvans405.jpg,1
/zappos/vans/zapposvans411.jpg,1
/zappos/vans/zapposvans377.jpg,1
/zappos/vans/zapposvans439.jpg,1
/zappos/vans/zapposvans161.jpg,1
/zappos/vans/zapposvans175.jpg,1
/zappos/vans/zapposvans8.jpg,1
/zappos/vans/zapposvans149.jpg,1
/zappos/vans/zapposvans42.jpg,1
/zappos/vans/zapposvans56.jpg,1
/zappos/vans/zapposvans81.jpg,1
/zappos/vans/zapposvans217.jpg,1
/zappos/vans/zapposvans95.jpg,1
/zappos/vans/zapposvans203.jpg,1
/zappos/vans/zapposvans229.jpg,1
/zappos/vans/zapposvans215.jpg,1
/zappos/vans/zapposvans83.jpg,1
/zappos/vans/zapposvans201.jpg,1
/zappos/vans/zapposvans97.jpg,1
/zappos/vans/zapposvans68.jpg,1
/zappos/vans/zapposvans40.jpg,1
/zappos/vans/zapposvans54.jpg,1
/zappos/vans/zapposvans163.jpg,1
/zappos/vans/zapposvans177.jpg,1
/zappos/vans/zapposvans188.jpg,1
/zappos/vans/zapposvans349.jpg,1
/zappos/vans/zapposvans407.jpg,1
/zappos/vans/zapposvans361.jpg,1
/zappos/vans/zapposvans375.jpg,1
/zappos/vans/zapposvans413.jpg,1
/zappos/vans/zapposvans374.jpg,1
/zappos/vans/zapposvans412.jpg,1
/zappos/vans/zapposvans406.jpg,1
/zappos/vans/zapposvans360.jpg,1
/zappos/vans/zapposvans348.jpg,1
/zappos/vans/zapposvans189.jpg,1
/zappos/vans/zapposvans176.jpg,1
/zappos/vans/zapposvans162.jpg,1
/zappos/vans/zapposvans55.jpg,1
/zappos/vans/zapposvans41.jpg,1
/zappos/vans/zapposvans69.jpg,1
/zappos/vans/zapposvans96.jpg,1
/zappos/vans/zapposvans200.jpg,1
/zappos/vans/zapposvans82.jpg,1
/zappos/vans/zapposvans214.jpg,1
/zappos/vans/zapposvans228.jpg,1
/zappos/vans/zapposvans231.jpg,1
/zappos/vans/zapposvans225.jpg,1
/zappos/vans/zapposvans219.jpg,1
/zappos/vans/zapposvans64.jpg,1
/zappos/vans/zapposvans70.jpg,1
/zappos/vans/zapposvans58.jpg,1
/zappos/vans/zapposvans147.jpg,1
/zappos/vans/zapposvans153.jpg,1
/zappos/vans/zapposvans6.jpg,1
/zappos/vans/zapposvans184.jpg,1
/zappos/vans/zapposvans190.jpg,1
/zappos/vans/zapposvans345.jpg,1
/zappos/vans/zapposvans423.jpg,1
/zappos/vans/zapposvans437.jpg,1
/zappos/vans/zapposvans351.jpg,1
/zappos/vans/zapposvans379.jpg,1
/zappos/vans/zapposvans386.jpg,1
/zappos/vans/zapposvans392.jpg,1
/zappos/vans/zapposvans393.jpg,1
/zappos/vans/zapposvans387.jpg,1
/zappos/vans/zapposvans378.jpg,1
/zappos/vans/zapposvans436.jpg,1
/zappos/vans/zapposvans350.jpg,1
/zappos/vans/zapposvans344.jpg,1
/zappos/vans/zapposvans422.jpg,1
/zappos/vans/zapposvans191.jpg,1
/zappos/vans/zapposvans185.jpg,1
/zappos/vans/zapposvans7.jpg,1
/zappos/vans/zapposvans152.jpg,1
/zappos/vans/zapposvans146.jpg,1
/zappos/vans/zapposvans59.jpg,1
/zappos/vans/zapposvans71.jpg,1
/zappos/vans/zapposvans65.jpg,1
/zappos/vans/zapposvans218.jpg,1
/zappos/vans/zapposvans224.jpg,1
/zappos/vans/zapposvans230.jpg,1
/zappos/vans/zapposvans226.jpg,1
/zappos/vans/zapposvans232.jpg,1
/zappos/vans/zapposvans98.jpg,1
/zappos/vans/zapposvans73.jpg,1
/zappos/vans/zapposvans67.jpg,1
/zappos/vans/zapposvans150.jpg,1
/zappos/vans/zapposvans144.jpg,1
/zappos/vans/zapposvans178.jpg,1
/zappos/vans/zapposvans5.jpg,1
/zappos/vans/zapposvans193.jpg,1
/zappos/vans/zapposvans187.jpg,1
/zappos/vans/zapposvans352.jpg,1
/zappos/vans/zapposvans434.jpg,1
/zappos/vans/zapposvans420.jpg,1
/zappos/vans/zapposvans346.jpg,1
/zappos/vans/zapposvans408.jpg,1
/zappos/vans/zapposvans391.jpg,1
/zappos/vans/zapposvans385.jpg,1
/zappos/vans/zapposvans384.jpg,1
/zappos/vans/zapposvans390.jpg,1
/zappos/vans/zapposvans409.jpg,1
/zappos/vans/zapposvans421.jpg,1
/zappos/vans/zapposvans347.jpg,1
/zappos/vans/zapposvans353.jpg,1
/zappos/vans/zapposvans435.jpg,1
/zappos/vans/zapposvans186.jpg,1
/zappos/vans/zapposvans192.jpg,1
/zappos/vans/zapposvans4.jpg,1
/zappos/vans/zapposvans179.jpg,1
/zappos/vans/zapposvans145.jpg,1
/zappos/vans/zapposvans151.jpg,1
/zappos/vans/zapposvans66.jpg,1
/zappos/vans/zapposvans72.jpg,1
/zappos/vans/zapposvans99.jpg,1
/zappos/vans/zapposvans233.jpg,1
/zappos/vans/zapposvans227.jpg,1
/zappos/vans/zapposvans89.jpg,1
/zappos/vans/zapposvans223.jpg,1
/zappos/vans/zapposvans237.jpg,1
/zappos/vans/zapposvans76.jpg,1
/zappos/vans/zapposvans62.jpg,1
/zappos/vans/zapposvans169.jpg,1
/zappos/vans/zapposvans0.jpg,1
/zappos/vans/zapposvans155.jpg,1
/zappos/vans/zapposvans141.jpg,1
/zappos/vans/zapposvans196.jpg,1
/zappos/vans/zapposvans182.jpg,1
/zappos/vans/zapposvans419.jpg,1
/zappos/vans/zapposvans431.jpg,1
/zappos/vans/zapposvans357.jpg,1
/zappos/vans/zapposvans343.jpg,1
/zappos/vans/zapposvans425.jpg,1
/zappos/vans/zapposvans394.jpg,1
/zappos/vans/zapposvans380.jpg,1
/zappos/vans/zapposvans381.jpg,1
/zappos/vans/zapposvans395.jpg,1
/zappos/vans/zapposvans342.jpg,1
/zappos/vans/zapposvans424.jpg,1
/zappos/vans/zapposvans430.jpg,1
/zappos/vans/zapposvans356.jpg,1
/zappos/vans/zapposvans418.jpg,1
/zappos/vans/zapposvans183.jpg,1
/zappos/vans/zapposvans197.jpg,1
/zappos/vans/zapposvans140.jpg,1
/zappos/vans/zapposvans154.jpg,1
/zappos/vans/zapposvans1.jpg,1
/zappos/vans/zapposvans168.jpg,1
/zappos/vans/zapposvans63.jpg,1
/zappos/vans/zapposvans77.jpg,1
/zappos/vans/zapposvans236.jpg,1
/zappos/vans/zapposvans222.jpg,1
/zappos/vans/zapposvans88.jpg,1
/zappos/vans/zapposvans208.jpg,1
/zappos/vans/zapposvans234.jpg,1
/zappos/vans/zapposvans220.jpg,1
/zappos/vans/zapposvans49.jpg,1
/zappos/vans/zapposvans61.jpg,1
/zappos/vans/zapposvans75.jpg,1
/zappos/vans/zapposvans3.jpg,1
/zappos/vans/zapposvans142.jpg,1
/zappos/vans/zapposvans156.jpg,1
/zappos/vans/zapposvans181.jpg,1
/zappos/vans/zapposvans195.jpg,1
/zappos/vans/zapposvans368.jpg,1
/zappos/vans/zapposvans426.jpg,1
/zappos/vans/zapposvans340.jpg,1
/zappos/vans/zapposvans354.jpg,1
/zappos/vans/zapposvans432.jpg,1
/zappos/vans/zapposvans383.jpg,1
/zappos/vans/zapposvans397.jpg,1
/zappos/vans/zapposvans396.jpg,1
/zappos/vans/zapposvans382.jpg,1
/zappos/vans/zapposvans355.jpg,1
/zappos/vans/zapposvans433.jpg,1
/zappos/vans/zapposvans427.jpg,1
/zappos/vans/zapposvans341.jpg,1
/zappos/vans/zapposvans369.jpg,1
/zappos/vans/zapposvans194.jpg,1
/zappos/vans/zapposvans180.jpg,1
/zappos/vans/zapposvans157.jpg,1
/zappos/vans/zapposvans143.jpg,1
/zappos/vans/zapposvans2.jpg,1
/zappos/vans/zapposvans74.jpg,1
/zappos/vans/zapposvans60.jpg,1
/zappos/vans/zapposvans48.jpg,1
/zappos/vans/zapposvans221.jpg,1
/zappos/vans/zapposvans235.jpg,1
/zappos/vans/zapposvans209.jpg,1
/zappos/vans/zapposvans252.jpg,1
/zappos/vans/zapposvans246.jpg,1
/zappos/vans/zapposvans291.jpg,1
/zappos/vans/zapposvans13.jpg,1
/zappos/vans/zapposvans285.jpg,1
/zappos/vans/zapposvans124.jpg,1
/zappos/vans/zapposvans130.jpg,1
/zappos/vans/zapposvans118.jpg,1
/zappos/vans/zapposvans440.jpg,1
/zappos/vans/zapposvans326.jpg,1
/zappos/vans/zapposvans332.jpg,1
/zappos/vans/zapposvans454.jpg,1
/zappos/vans/zapposvans468.jpg,1
/zappos/vans/zapposvans483.jpg,1
/zappos/vans/zapposvans497.jpg,1
/zappos/vans/zapposvans496.jpg,1
/zappos/vans/zapposvans482.jpg,1
/zappos/vans/zapposvans469.jpg,1
/zappos/vans/zapposvans333.jpg,1
/zappos/vans/zapposvans455.jpg,1
/zappos/vans/zapposvans441.jpg,1
/zappos/vans/zapposvans327.jpg,1
/zappos/vans/zapposvans119.jpg,1
/zappos/vans/zapposvans131.jpg,1
/zappos/vans/zapposvans125.jpg,1
/zappos/vans/zapposvans284.jpg,1
/zappos/vans/zapposvans12.jpg,1
/zappos/vans/zapposvans290.jpg,1
/zappos/vans/zapposvans247.jpg,1
/zappos/vans/zapposvans253.jpg,1
/zappos/vans/zapposvans245.jpg,1
/zappos/vans/zapposvans251.jpg,1
/zappos/vans/zapposvans279.jpg,1
/zappos/vans/zapposvans10.jpg,1
/zappos/vans/zapposvans286.jpg,1
/zappos/vans/zapposvans292.jpg,1
/zappos/vans/zapposvans38.jpg,1
/zappos/vans/zapposvans133.jpg,1
/zappos/vans/zapposvans127.jpg,1
/zappos/vans/zapposvans457.jpg,1
/zappos/vans/zapposvans331.jpg,1
/zappos/vans/zapposvans325.jpg,1
/zappos/vans/zapposvans443.jpg,1
/zappos/vans/zapposvans319.jpg,1
/zappos/vans/zapposvans494.jpg,1
/zappos/vans/zapposvans480.jpg,1
/zappos/vans/zapposvans481.jpg,1
/zappos/vans/zapposvans495.jpg,1
/zappos/vans/zapposvans318.jpg,1
/zappos/vans/zapposvans324.jpg,1
/zappos/vans/zapposvans442.jpg,1
/zappos/vans/zapposvans456.jpg,1
/zappos/vans/zapposvans330.jpg,1
/zappos/vans/zapposvans126.jpg,1
/zappos/vans/zapposvans132.jpg,1
/zappos/vans/zapposvans39.jpg,1
/zappos/vans/zapposvans293.jpg,1
/zappos/vans/zapposvans287.jpg,1
/zappos/vans/zapposvans11.jpg,1
/zappos/vans/zapposvans278.jpg,1
/zappos/vans/zapposvans250.jpg,1
/zappos/vans/zapposvans244.jpg,1
/zappos/vans/zapposvans268.jpg,1
/zappos/vans/zapposvans240.jpg,1
/zappos/vans/zapposvans254.jpg,1
/zappos/vans/zapposvans29.jpg,1
/zappos/vans/zapposvans15.jpg,1
/zappos/vans/zapposvans283.jpg,1
/zappos/vans/zapposvans297.jpg,1
/zappos/vans/zapposvans136.jpg,1
/zappos/vans/zapposvans122.jpg,1
/zappos/vans/zapposvans308.jpg,1
/zappos/vans/zapposvans334.jpg,1
/zappos/vans/zapposvans452.jpg,1
/zappos/vans/zapposvans446.jpg,1
/zappos/vans/zapposvans320.jpg,1
/zappos/vans/zapposvans491.jpg,1
/zappos/vans/zapposvans485.jpg,1
/zappos/vans/zapposvans484.jpg,1
/zappos/vans/zapposvans490.jpg,1
/zappos/vans/zapposvans447.jpg,1
/zappos/vans/zapposvans321.jpg,1
/zappos/vans/zapposvans335.jpg,1
/zappos/vans/zapposvans453.jpg,1
/zappos/vans/zapposvans309.jpg,1
/zappos/vans/zapposvans123.jpg,1
/zappos/vans/zapposvans137.jpg,1
/zappos/vans/zapposvans296.jpg,1
/zappos/vans/zapposvans282.jpg,1
/zappos/vans/zapposvans14.jpg,1
/zappos/vans/zapposvans28.jpg,1
/zappos/vans/zapposvans255.jpg,1
/zappos/vans/zapposvans241.jpg,1
/zappos/vans/zapposvans269.jpg,1
/zappos/vans/zapposvans257.jpg,1
/zappos/vans/zapposvans243.jpg,1
/zappos/vans/zapposvans294.jpg,1
/zappos/vans/zapposvans16.jpg,1
/zappos/vans/zapposvans280.jpg,1
/zappos/vans/zapposvans109.jpg,1
/zappos/vans/zapposvans121.jpg,1
/zappos/vans/zapposvans135.jpg,1
/zappos/vans/zapposvans479.jpg,1
/zappos/vans/zapposvans323.jpg,1
/zappos/vans/zapposvans445.jpg,1
/zappos/vans/zapposvans451.jpg,1
/zappos/vans/zapposvans337.jpg,1
/zappos/vans/zapposvans486.jpg,1
/zappos/vans/zapposvans492.jpg,1
/zappos/vans/zapposvans493.jpg,1
/zappos/vans/zapposvans487.jpg,1
/zappos/vans/zapposvans450.jpg,1
/zappos/vans/zapposvans336.jpg,1
/zappos/vans/zapposvans322.jpg,1
/zappos/vans/zapposvans444.jpg,1
/zappos/vans/zapposvans478.jpg,1
/zappos/vans/zapposvans134.jpg,1
/zappos/vans/zapposvans120.jpg,1
/zappos/vans/zapposvans108.jpg,1
/zappos/vans/zapposvans281.jpg,1
/zappos/vans/zapposvans17.jpg,1
/zappos/vans/zapposvans295.jpg,1
/zappos/vans/zapposvans242.jpg,1
/zappos/vans/zapposvans256.jpg,1
/zappos/adidas/zapposAdidas294.jpg,1
/zappos/adidas/zapposAdidas280.jpg,1
/zappos/adidas/zapposAdidas519.jpg,1
/zappos/adidas/zapposAdidas531.jpg,1
/zappos/adidas/zapposAdidas257.jpg,1
/zappos/adidas/zapposAdidas243.jpg,1
/zappos/adidas/zapposAdidas525.jpg,1
/zappos/adidas/zapposAdidas66.jpg,1
/zappos/adidas/zapposAdidas72.jpg,1
/zappos/adidas/zapposAdidas99.jpg,1
/zappos/adidas/zapposAdidas8.jpg,1
/zappos/adidas/zapposAdidas109.jpg,1
/zappos/adidas/zapposAdidas121.jpg,1
/zappos/adidas/zapposAdidas135.jpg,1
/zappos/adidas/zapposAdidas486.jpg,1
/zappos/adidas/zapposAdidas492.jpg,1
/zappos/adidas/zapposAdidas479.jpg,1
/zappos/adidas/zapposAdidas445.jpg,1
/zappos/adidas/zapposAdidas323.jpg,1
/zappos/adidas/zapposAdidas337.jpg,1
/zappos/adidas/zapposAdidas451.jpg,1
/zappos/adidas/zapposAdidas336.jpg,1
/zappos/adidas/zapposAdidas450.jpg,1
/zappos/adidas/zapposAdidas444.jpg,1
/zappos/adidas/zapposAdidas322.jpg,1
/zappos/adidas/zapposAdidas478.jpg,1
/zappos/adidas/zapposAdidas493.jpg,1
/zappos/adidas/zapposAdidas487.jpg,1
/zappos/adidas/zapposAdidas134.jpg,1
/zappos/adidas/zapposAdidas120.jpg,1
/zappos/adidas/zapposAdidas108.jpg,1
/zappos/adidas/zapposAdidas9.jpg,1
/zappos/adidas/zapposAdidas98.jpg,1
/zappos/adidas/zapposAdidas73.jpg,1
/zappos/adidas/zapposAdidas67.jpg,1
/zappos/adidas/zapposAdidas242.jpg,1
/zappos/adidas/zapposAdidas524.jpg,1
/zappos/adidas/zapposAdidas530.jpg,1
/zappos/adidas/zapposAdidas256.jpg,1
/zappos/adidas/zapposAdidas518.jpg,1
/zappos/adidas/zapposAdidas281.jpg,1
/zappos/adidas/zapposAdidas295.jpg,1
/zappos/adidas/zapposAdidas283.jpg,1
/zappos/adidas/zapposAdidas297.jpg,1
/zappos/adidas/zapposAdidas268.jpg,1
/zappos/adidas/zapposAdidas526.jpg,1
/zappos/adidas/zapposAdidas240.jpg,1
/zappos/adidas/zapposAdidas254.jpg,1
/zappos/adidas/zapposAdidas532.jpg,1
/zappos/adidas/zapposAdidas59.jpg,1
/zappos/adidas/zapposAdidas71.jpg,1
/zappos/adidas/zapposAdidas65.jpg,1
/zappos/adidas/zapposAdidas136.jpg,1
/zappos/adidas/zapposAdidas122.jpg,1
/zappos/adidas/zapposAdidas491.jpg,1
/zappos/adidas/zapposAdidas485.jpg,1
/zappos/adidas/zapposAdidas308.jpg,1
/zappos/adidas/zapposAdidas452.jpg,1
/zappos/adidas/zapposAdidas334.jpg,1
/zappos/adidas/zapposAdidas320.jpg,1
/zappos/adidas/zapposAdidas446.jpg,1
/zappos/adidas/zapposAdidas321.jpg,1
/zappos/adidas/zapposAdidas447.jpg,1
/zappos/adidas/zapposAdidas453.jpg,1
/zappos/adidas/zapposAdidas335.jpg,1
/zappos/adidas/zapposAdidas309.jpg,1
/zappos/adidas/zapposAdidas484.jpg,1
/zappos/adidas/zapposAdidas490.jpg,1
/zappos/adidas/zapposAdidas123.jpg,1
/zappos/adidas/zapposAdidas137.jpg,1
/zappos/adidas/zapposAdidas64.jpg,1
/zappos/adidas/zapposAdidas70.jpg,1
/zappos/adidas/zapposAdidas58.jpg,1
/zappos/adidas/zapposAdidas255.jpg,1
/zappos/adidas/zapposAdidas533.jpg,1
/zappos/adidas/zapposAdidas527.jpg,1
/zappos/adidas/zapposAdidas241.jpg,1
/zappos/adidas/zapposAdidas269.jpg,1
/zappos/adidas/zapposAdidas296.jpg,1
/zappos/adidas/zapposAdidas282.jpg,1
/zappos/adidas/zapposAdidas286.jpg,1
/zappos/adidas/zapposAdidas292.jpg,1
/zappos/adidas/zapposAdidas245.jpg,1
/zappos/adidas/zapposAdidas523.jpg,1
/zappos/adidas/zapposAdidas537.jpg,1
/zappos/adidas/zapposAdidas251.jpg,1
/zappos/adidas/zapposAdidas279.jpg,1
/zappos/adidas/zapposAdidas74.jpg,1
/zappos/adidas/zapposAdidas60.jpg,1
/zappos/adidas/zapposAdidas48.jpg,1
/zappos/adidas/zapposAdidas133.jpg,1
/zappos/adidas/zapposAdidas127.jpg,1
/zappos/adidas/zapposAdidas494.jpg,1
/zappos/adidas/zapposAdidas480.jpg,1
/zappos/adidas/zapposAdidas331.jpg,1
/zappos/adidas/zapposAdidas457.jpg,1
/zappos/adidas/zapposAdidas443.jpg,1
/zappos/adidas/zapposAdidas325.jpg,1
/zappos/adidas/zapposAdidas319.jpg,1
/zappos/adidas/zapposAdidas318.jpg,1
/zappos/adidas/zapposAdidas442.jpg,1
/zappos/adidas/zapposAdidas324.jpg,1
/zappos/adidas/zapposAdidas330.jpg,1
/zappos/adidas/zapposAdidas456.jpg,1
/zappos/adidas/zapposAdidas481.jpg,1
/zappos/adidas/zapposAdidas495.jpg,1
/zappos/adidas/zapposAdidas126.jpg,1
/zappos/adidas/zapposAdidas132.jpg,1
/zappos/adidas/zapposAdidas49.jpg,1
/zappos/adidas/zapposAdidas61.jpg,1
/zappos/adidas/zapposAdidas75.jpg,1
/zappos/adidas/zapposAdidas278.jpg,1
/zappos/adidas/zapposAdidas536.jpg,1
/zappos/adidas/zapposAdidas250.jpg,1
/zappos/adidas/zapposAdidas244.jpg,1
/zappos/adidas/zapposAdidas522.jpg,1
/zappos/adidas/zapposAdidas293.jpg,1
/zappos/adidas/zapposAdidas287.jpg,1
/zappos/adidas/zapposAdidas291.jpg,1
/zappos/adidas/zapposAdidas285.jpg,1
/zappos/adidas/zapposAdidas252.jpg,1
/zappos/adidas/zapposAdidas534.jpg,1
/zappos/adidas/zapposAdidas520.jpg,1
/zappos/adidas/zapposAdidas246.jpg,1
/zappos/adidas/zapposAdidas508.jpg,1
/zappos/adidas/zapposAdidas63.jpg,1
/zappos/adidas/zapposAdidas77.jpg,1
/zappos/adidas/zapposAdidas88.jpg,1
/zappos/adidas/zapposAdidas124.jpg,1
/zappos/adidas/zapposAdidas130.jpg,1
/zappos/adidas/zapposAdidas118.jpg,1
/zappos/adidas/zapposAdidas483.jpg,1
/zappos/adidas/zapposAdidas497.jpg,1
/zappos/adidas/zapposAdidas326.jpg,1
/zappos/adidas/zapposAdidas440.jpg,1
/zappos/adidas/zapposAdidas454.jpg,1
/zappos/adidas/zapposAdidas332.jpg,1
/zappos/adidas/zapposAdidas468.jpg,1
/zappos/adidas/zapposAdidas469.jpg,1
/zappos/adidas/zapposAdidas455.jpg,1
/zappos/adidas/zapposAdidas333.jpg,1
/zappos/adidas/zapposAdidas327.jpg,1
/zappos/adidas/zapposAdidas441.jpg,1
/zappos/adidas/zapposAdidas496.jpg,1
/zappos/adidas/zapposAdidas482.jpg,1
/zappos/adidas/zapposAdidas119.jpg,1
/zappos/adidas/zapposAdidas131.jpg,1
/zappos/adidas/zapposAdidas125.jpg,1
/zappos/adidas/zapposAdidas89.jpg,1
/zappos/adidas/zapposAdidas76.jpg,1
/zappos/adidas/zapposAdidas62.jpg,1
/zappos/adidas/zapposAdidas509.jpg,1
/zappos/adidas/zapposAdidas521.jpg,1
/zappos/adidas/zapposAdidas247.jpg,1
/zappos/adidas/zapposAdidas253.jpg,1
/zappos/adidas/zapposAdidas535.jpg,1
/zappos/adidas/zapposAdidas284.jpg,1
/zappos/adidas/zapposAdidas290.jpg,1
/zappos/adidas/zapposAdidas591.jpg,1
/zappos/adidas/zapposAdidas585.jpg,1
/zappos/adidas/zapposAdidas208.jpg,1
/zappos/adidas/zapposAdidas234.jpg,1
/zappos/adidas/zapposAdidas552.jpg,1
/zappos/adidas/zapposAdidas546.jpg,1
/zappos/adidas/zapposAdidas220.jpg,1
/zappos/adidas/zapposAdidas39.jpg,1
/zappos/adidas/zapposAdidas11.jpg,1
/zappos/adidas/zapposAdidas181.jpg,1
/zappos/adidas/zapposAdidas195.jpg,1
/zappos/adidas/zapposAdidas618.jpg,1
/zappos/adidas/zapposAdidas142.jpg,1
/zappos/adidas/zapposAdidas156.jpg,1
/zappos/adidas/zapposAdidas383.jpg,1
/zappos/adidas/zapposAdidas397.jpg,1
/zappos/adidas/zapposAdidas368.jpg,1
/zappos/adidas/zapposAdidas340.jpg,1
/zappos/adidas/zapposAdidas426.jpg,1
/zappos/adidas/zapposAdidas432.jpg,1
/zappos/adidas/zapposAdidas354.jpg,1
/zappos/adidas/zapposAdidas433.jpg,1
/zappos/adidas/zapposAdidas355.jpg,1
/zappos/adidas/zapposAdidas341.jpg,1
/zappos/adidas/zapposAdidas427.jpg,1
/zappos/adidas/zapposAdidas369.jpg,1
/zappos/adidas/zapposAdidas396.jpg,1
/zappos/adidas/zapposAdidas382.jpg,1
/zappos/adidas/zapposAdidas157.jpg,1
/zappos/adidas/zapposAdidas143.jpg,1
/zappos/adidas/zapposAdidas619.jpg,1
/zappos/adidas/zapposAdidas194.jpg,1
/zappos/adidas/zapposAdidas180.jpg,1
/zappos/adidas/zapposAdidas10.jpg,1
/zappos/adidas/zapposAdidas38.jpg,1
/zappos/adidas/zapposAdidas547.jpg,1
/zappos/adidas/zapposAdidas221.jpg,1
/zappos/adidas/zapposAdidas235.jpg,1
/zappos/adidas/zapposAdidas553.jpg,1
/zappos/adidas/zapposAdidas209.jpg,1
/zappos/adidas/zapposAdidas584.jpg,1
/zappos/adidas/zapposAdidas590.jpg,1
/zappos/adidas/zapposAdidas586.jpg,1
/zappos/adidas/zapposAdidas592.jpg,1
/zappos/adidas/zapposAdidas579.jpg,1
/zappos/adidas/zapposAdidas223.jpg,1
/zappos/adidas/zapposAdidas545.jpg,1
/zappos/adidas/zapposAdidas551.jpg,1
/zappos/adidas/zapposAdidas237.jpg,1
/zappos/adidas/zapposAdidas12.jpg,1
/zappos/adidas/zapposAdidas196.jpg,1
/zappos/adidas/zapposAdidas182.jpg,1
/zappos/adidas/zapposAdidas169.jpg,1
/zappos/adidas/zapposAdidas155.jpg,1
/zappos/adidas/zapposAdidas141.jpg,1
/zappos/adidas/zapposAdidas394.jpg,1
/zappos/adidas/zapposAdidas380.jpg,1
/zappos/adidas/zapposAdidas419.jpg,1
/zappos/adidas/zapposAdidas357.jpg,1
/zappos/adidas/zapposAdidas431.jpg,1
/zappos/adidas/zapposAdidas425.jpg,1
/zappos/adidas/zapposAdidas343.jpg,1
/zappos/adidas/zapposAdidas424.jpg,1
/zappos/adidas/zapposAdidas342.jpg,1
/zappos/adidas/zapposAdidas356.jpg,1
/zappos/adidas/zapposAdidas430.jpg,1
/zappos/adidas/zapposAdidas418.jpg,1
/zappos/adidas/zapposAdidas381.jpg,1
/zappos/adidas/zapposAdidas395.jpg,1
/zappos/adidas/zapposAdidas140.jpg,1
/zappos/adidas/zapposAdidas154.jpg,1
/zappos/adidas/zapposAdidas168.jpg,1
/zappos/adidas/zapposAdidas183.jpg,1
/zappos/adidas/zapposAdidas197.jpg,1
/zappos/adidas/zapposAdidas13.jpg,1
/zappos/adidas/zapposAdidas550.jpg,1
/zappos/adidas/zapposAdidas236.jpg,1
/zappos/adidas/zapposAdidas222.jpg,1
/zappos/adidas/zapposAdidas544.jpg,1
/zappos/adidas/zapposAdidas578.jpg,1
/zappos/adidas/zapposAdidas593.jpg,1
/zappos/adidas/zapposAdidas587.jpg,1
/zappos/adidas/zapposAdidas583.jpg,1
/zappos/adidas/zapposAdidas597.jpg,1
/zappos/adidas/zapposAdidas540.jpg,1
/zappos/adidas/zapposAdidas226.jpg,1
/zappos/adidas/zapposAdidas232.jpg,1
/zappos/adidas/zapposAdidas554.jpg,1
/zappos/adidas/zapposAdidas568.jpg,1
/zappos/adidas/zapposAdidas17.jpg,1
/zappos/adidas/zapposAdidas193.jpg,1
/zappos/adidas/zapposAdidas187.jpg,1
/zappos/adidas/zapposAdidas150.jpg,1
/zappos/adidas/zapposAdidas622.jpg,1
/zappos/adidas/zapposAdidas144.jpg,1
/zappos/adidas/zapposAdidas178.jpg,1
/zappos/adidas/zapposAdidas391.jpg,1
/zappos/adidas/zapposAdidas385.jpg,1
/zappos/adidas/zapposAdidas434.jpg,1
/zappos/adidas/zapposAdidas352.jpg,1
/zappos/adidas/zapposAdidas346.jpg,1
/zappos/adidas/zapposAdidas420.jpg,1
/zappos/adidas/zapposAdidas408.jpg,1
/zappos/adidas/zapposAdidas409.jpg,1
/zappos/adidas/zapposAdidas347.jpg,1
/zappos/adidas/zapposAdidas421.jpg,1
/zappos/adidas/zapposAdidas435.jpg,1
/zappos/adidas/zapposAdidas353.jpg,1
/zappos/adidas/zapposAdidas384.jpg,1
/zappos/adidas/zapposAdidas390.jpg,1
/zappos/adidas/zapposAdidas179.jpg,1
/zappos/adidas/zapposAdidas145.jpg,1
/zappos/adidas/zapposAdidas151.jpg,1
/zappos/adidas/zapposAdidas186.jpg,1
/zappos/adidas/zapposAdidas192.jpg,1
/zappos/adidas/zapposAdidas16.jpg,1
/zappos/adidas/zapposAdidas569.jpg,1
/zappos/adidas/zapposAdidas233.jpg,1
/zappos/adidas/zapposAdidas555.jpg,1
/zappos/adidas/zapposAdidas541.jpg,1
/zappos/adidas/zapposAdidas227.jpg,1
/zappos/adidas/zapposAdidas596.jpg,1
/zappos/adidas/zapposAdidas582.jpg,1
/zappos/adidas/zapposAdidas594.jpg,1
/zappos/adidas/zapposAdidas580.jpg,1
/zappos/adidas/zapposAdidas557.jpg,1
/zappos/adidas/zapposAdidas231.jpg,1
/zappos/adidas/zapposAdidas225.jpg,1
/zappos/adidas/zapposAdidas543.jpg,1
/zappos/adidas/zapposAdidas219.jpg,1
/zappos/adidas/zapposAdidas14.jpg,1
/zappos/adidas/zapposAdidas28.jpg,1
/zappos/adidas/zapposAdidas184.jpg,1
/zappos/adidas/zapposAdidas190.jpg,1
/zappos/adidas/zapposAdidas147.jpg,1
/zappos/adidas/zapposAdidas621.jpg,1
/zappos/adidas/zapposAdidas153.jpg,1
/zappos/adidas/zapposAdidas609.jpg,1
/zappos/adidas/zapposAdidas386.jpg,1
/zappos/adidas/zapposAdidas392.jpg,1
/zappos/adidas/zapposAdidas423.jpg,1
/zappos/adidas/zapposAdidas345.jpg,1
/zappos/adidas/zapposAdidas351.jpg,1
/zappos/adidas/zapposAdidas437.jpg,1
/zappos/adidas/zapposAdidas379.jpg,1
/zappos/adidas/zapposAdidas378.jpg,1
/zappos/adidas/zapposAdidas350.jpg,1
/zappos/adidas/zapposAdidas436.jpg,1
/zappos/adidas/zapposAdidas422.jpg,1
/zappos/adidas/zapposAdidas344.jpg,1
/zappos/adidas/zapposAdidas393.jpg,1
/zappos/adidas/zapposAdidas387.jpg,1
/zappos/adidas/zapposAdidas608.jpg,1
/zappos/adidas/zapposAdidas152.jpg,1
/zappos/adidas/zapposAdidas146.jpg,1
/zappos/adidas/zapposAdidas620.jpg,1
/zappos/adidas/zapposAdidas191.jpg,1
/zappos/adidas/zapposAdidas185.jpg,1
/zappos/adidas/zapposAdidas29.jpg,1
/zappos/adidas/zapposAdidas15.jpg,1
/zappos/adidas/zapposAdidas218.jpg,1
/zappos/adidas/zapposAdidas224.jpg,1
/zappos/adidas/zapposAdidas542.jpg,1
/zappos/adidas/zapposAdidas556.jpg,1
/zappos/adidas/zapposAdidas230.jpg,1
/zappos/adidas/zapposAdidas581.jpg,1
/zappos/adidas/zapposAdidas595.jpg,1
/zappos/adidas/zapposAdidas598.jpg,1
/zappos/adidas/zapposAdidas229.jpg,1
/zappos/adidas/zapposAdidas215.jpg,1
/zappos/adidas/zapposAdidas573.jpg,1
/zappos/adidas/zapposAdidas567.jpg,1
/zappos/adidas/zapposAdidas201.jpg,1
/zappos/adidas/zapposAdidas18.jpg,1
/zappos/adidas/zapposAdidas24.jpg,1
/zappos/adidas/zapposAdidas30.jpg,1
/zappos/adidas/zapposAdidas188.jpg,1
/zappos/adidas/zapposAdidas605.jpg,1
/zappos/adidas/zapposAdidas163.jpg,1
/zappos/adidas/zapposAdidas177.jpg,1
/zappos/adidas/zapposAdidas611.jpg,1
/zappos/adidas/zapposAdidas349.jpg,1
/zappos/adidas/zapposAdidas361.jpg,1
/zappos/adidas/zapposAdidas407.jpg,1
/zappos/adidas/zapposAdidas413.jpg,1
/zappos/adidas/zapposAdidas375.jpg,1
/zappos/adidas/zapposAdidas412.jpg,1
/zappos/adidas/zapposAdidas374.jpg,1
/zappos/adidas/zapposAdidas360.jpg,1
/zappos/adidas/zapposAdidas406.jpg,1
/zappos/adidas/zapposAdidas348.jpg,1
/zappos/adidas/zapposAdidas176.jpg,1
/zappos/adidas/zapposAdidas610.jpg,1
/zappos/adidas/zapposAdidas604.jpg,1
/zappos/adidas/zapposAdidas162.jpg,1
/zappos/adidas/zapposAdidas189.jpg,1
/zappos/adidas/zapposAdidas31.jpg,1
/zappos/adidas/zapposAdidas25.jpg,1
/zappos/adidas/zapposAdidas19.jpg,1
/zappos/adidas/zapposAdidas566.jpg,1
/zappos/adidas/zapposAdidas200.jpg,1
/zappos/adidas/zapposAdidas214.jpg,1
/zappos/adidas/zapposAdidas572.jpg,1
/zappos/adidas/zapposAdidas228.jpg,1
/zappos/adidas/zapposAdidas599.jpg,1
/zappos/adidas/zapposAdidas558.jpg,1
/zappos/adidas/zapposAdidas202.jpg,1
/zappos/adidas/zapposAdidas564.jpg,1
/zappos/adidas/zapposAdidas570.jpg,1
/zappos/adidas/zapposAdidas216.jpg,1
/zappos/adidas/zapposAdidas33.jpg,1
/zappos/adidas/zapposAdidas27.jpg,1
/zappos/adidas/zapposAdidas148.jpg,1
/zappos/adidas/zapposAdidas612.jpg,1
/zappos/adidas/zapposAdidas174.jpg,1
/zappos/adidas/zapposAdidas160.jpg,1
/zappos/adidas/zapposAdidas606.jpg,1
/zappos/adidas/zapposAdidas389.jpg,1
/zappos/adidas/zapposAdidas438.jpg,1
/zappos/adidas/zapposAdidas376.jpg,1
/zappos/adidas/zapposAdidas410.jpg,1
/zappos/adidas/zapposAdidas404.jpg,1
/zappos/adidas/zapposAdidas362.jpg,1
/zappos/adidas/zapposAdidas405.jpg,1
/zappos/adidas/zapposAdidas363.jpg,1
/zappos/adidas/zapposAdidas377.jpg,1
/zappos/adidas/zapposAdidas411.jpg,1
/zappos/adidas/zapposAdidas439.jpg,1
/zappos/adidas/zapposAdidas388.jpg,1
/zappos/adidas/zapposAdidas161.jpg,1
/zappos/adidas/zapposAdidas607.jpg,1
/zappos/adidas/zapposAdidas613.jpg,1
/zappos/adidas/zapposAdidas175.jpg,1
/zappos/adidas/zapposAdidas149.jpg,1
/zappos/adidas/zapposAdidas26.jpg,1
/zappos/adidas/zapposAdidas32.jpg,1
/zappos/adidas/zapposAdidas571.jpg,1
/zappos/adidas/zapposAdidas217.jpg,1
/zappos/adidas/zapposAdidas203.jpg,1
/zappos/adidas/zapposAdidas565.jpg,1
/zappos/adidas/zapposAdidas559.jpg,1
/zappos/adidas/zapposAdidas561.jpg,1
/zappos/adidas/zapposAdidas207.jpg,1
/zappos/adidas/zapposAdidas213.jpg,1
/zappos/adidas/zapposAdidas575.jpg,1
/zappos/adidas/zapposAdidas549.jpg,1
/zappos/adidas/zapposAdidas36.jpg,1
/zappos/adidas/zapposAdidas22.jpg,1
/zappos/adidas/zapposAdidas171.jpg,1
/zappos/adidas/zapposAdidas617.jpg,1
/zappos/adidas/zapposAdidas603.jpg,1
/zappos/adidas/zapposAdidas165.jpg,1
/zappos/adidas/zapposAdidas159.jpg,1
/zappos/adidas/zapposAdidas398.jpg,1
/zappos/adidas/zapposAdidas415.jpg,1
/zappos/adidas/zapposAdidas373.jpg,1
/zappos/adidas/zapposAdidas367.jpg,1
/zappos/adidas/zapposAdidas401.jpg,1
/zappos/adidas/zapposAdidas429.jpg,1
/zappos/adidas/zapposAdidas428.jpg,1
/zappos/adidas/zapposAdidas366.jpg,1
/zappos/adidas/zapposAdidas400.jpg,1
/zappos/adidas/zapposAdidas414.jpg,1
/zappos/adidas/zapposAdidas372.jpg,1
/zappos/adidas/zapposAdidas399.jpg,1
/zappos/adidas/zapposAdidas158.jpg,1
/zappos/adidas/zapposAdidas602.jpg,1
/zappos/adidas/zapposAdidas164.jpg,1
/zappos/adidas/zapposAdidas170.jpg,1
/zappos/adidas/zapposAdidas616.jpg,1
/zappos/adidas/zapposAdidas23.jpg,1
/zappos/adidas/zapposAdidas37.jpg,1
/zappos/adidas/zapposAdidas548.jpg,1
/zappos/adidas/zapposAdidas212.jpg,1
/zappos/adidas/zapposAdidas574.jpg,1
/zappos/adidas/zapposAdidas560.jpg,1
/zappos/adidas/zapposAdidas206.jpg,1
/zappos/adidas/zapposAdidas589.jpg,1
/zappos/adidas/zapposAdidas576.jpg,1
/zappos/adidas/zapposAdidas210.jpg,1
/zappos/adidas/zapposAdidas204.jpg,1
/zappos/adidas/zapposAdidas562.jpg,1
/zappos/adidas/zapposAdidas238.jpg,1
/zappos/adidas/zapposAdidas21.jpg,1
/zappos/adidas/zapposAdidas35.jpg,1
/zappos/adidas/zapposAdidas199.jpg,1
/zappos/adidas/zapposAdidas166.jpg,1
/zappos/adidas/zapposAdidas600.jpg,1
/zappos/adidas/zapposAdidas614.jpg,1
/zappos/adidas/zapposAdidas172.jpg,1
/zappos/adidas/zapposAdidas402.jpg,1
/zappos/adidas/zapposAdidas364.jpg,1
/zappos/adidas/zapposAdidas370.jpg,1
/zappos/adidas/zapposAdidas416.jpg,1
/zappos/adidas/zapposAdidas358.jpg,1
/zappos/adidas/zapposAdidas359.jpg,1
/zappos/adidas/zapposAdidas371.jpg,1
/zappos/adidas/zapposAdidas417.jpg,1
/zappos/adidas/zapposAdidas403.jpg,1
/zappos/adidas/zapposAdidas365.jpg,1
/zappos/adidas/zapposAdidas615.jpg,1
/zappos/adidas/zapposAdidas173.jpg,1
/zappos/adidas/zapposAdidas167.jpg,1
/zappos/adidas/zapposAdidas601.jpg,1
/zappos/adidas/zapposAdidas198.jpg,1
/zappos/adidas/zapposAdidas34.jpg,1
/zappos/adidas/zapposAdidas20.jpg,1
/zappos/adidas/zapposAdidas239.jpg,1
/zappos/adidas/zapposAdidas205.jpg,1
/zappos/adidas/zapposAdidas563.jpg,1
/zappos/adidas/zapposAdidas577.jpg,1
/zappos/adidas/zapposAdidas211.jpg,1
/zappos/adidas/zapposAdidas588.jpg,1
/zappos/adidas/zapposAdidas289.jpg,1
/zappos/adidas/zapposAdidas538.jpg,1
/zappos/adidas/zapposAdidas510.jpg,1
/zappos/adidas/zapposAdidas276.jpg,1
/zappos/adidas/zapposAdidas262.jpg,1
/zappos/adidas/zapposAdidas504.jpg,1
/zappos/adidas/zapposAdidas47.jpg,1
/zappos/adidas/zapposAdidas53.jpg,1
/zappos/adidas/zapposAdidas84.jpg,1
/zappos/adidas/zapposAdidas1.jpg,1
/zappos/adidas/zapposAdidas90.jpg,1
/zappos/adidas/zapposAdidas128.jpg,1
/zappos/adidas/zapposAdidas100.jpg,1
/zappos/adidas/zapposAdidas114.jpg,1
/zappos/adidas/zapposAdidas458.jpg,1
/zappos/adidas/zapposAdidas464.jpg,1
/zappos/adidas/zapposAdidas302.jpg,1
/zappos/adidas/zapposAdidas316.jpg,1
/zappos/adidas/zapposAdidas470.jpg,1
/zappos/adidas/zapposAdidas317.jpg,1
/zappos/adidas/zapposAdidas471.jpg,1
/zappos/adidas/zapposAdidas465.jpg,1
/zappos/adidas/zapposAdidas303.jpg,1
/zappos/adidas/zapposAdidas459.jpg,1
/zappos/adidas/zapposAdidas115.jpg,1
/zappos/adidas/zapposAdidas101.jpg,1
/zappos/adidas/zapposAdidas129.jpg,1
/zappos/adidas/zapposAdidas91.jpg,1
/zappos/adidas/zapposAdidas0.jpg,1
/zappos/adidas/zapposAdidas85.jpg,1
/zappos/adidas/zapposAdidas52.jpg,1
/zappos/adidas/zapposAdidas46.jpg,1
/zappos/adidas/zapposAdidas263.jpg,1
/zappos/adidas/zapposAdidas505.jpg,1
/zappos/adidas/zapposAdidas511.jpg,1
/zappos/adidas/zapposAdidas277.jpg,1
/zappos/adidas/zapposAdidas539.jpg,1
/zappos/adidas/zapposAdidas288.jpg,1
/zappos/adidas/zapposAdidas249.jpg,1
/zappos/adidas/zapposAdidas507.jpg,1
/zappos/adidas/zapposAdidas261.jpg,1
/zappos/adidas/zapposAdidas275.jpg,1
/zappos/adidas/zapposAdidas513.jpg,1
/zappos/adidas/zapposAdidas78.jpg,1
/zappos/adidas/zapposAdidas50.jpg,1
/zappos/adidas/zapposAdidas44.jpg,1
/zappos/adidas/zapposAdidas2.jpg,1
/zappos/adidas/zapposAdidas93.jpg,1
/zappos/adidas/zapposAdidas87.jpg,1
/zappos/adidas/zapposAdidas117.jpg,1
/zappos/adidas/zapposAdidas103.jpg,1
/zappos/adidas/zapposAdidas498.jpg,1
/zappos/adidas/zapposAdidas329.jpg,1
/zappos/adidas/zapposAdidas473.jpg,1
/zappos/adidas/zapposAdidas315.jpg,1
/zappos/adidas/zapposAdidas301.jpg,1
/zappos/adidas/zapposAdidas467.jpg,1
/zappos/adidas/zapposAdidas300.jpg,1
/zappos/adidas/zapposAdidas466.jpg,1
/zappos/adidas/zapposAdidas472.jpg,1
/zappos/adidas/zapposAdidas314.jpg,1
/zappos/adidas/zapposAdidas328.jpg,1
/zappos/adidas/zapposAdidas499.jpg,1
/zappos/adidas/zapposAdidas102.jpg,1
/zappos/adidas/zapposAdidas116.jpg,1
/zappos/adidas/zapposAdidas86.jpg,1
/zappos/adidas/zapposAdidas92.jpg,1
/zappos/adidas/zapposAdidas3.jpg,1
/zappos/adidas/zapposAdidas45.jpg,1
/zappos/adidas/zapposAdidas51.jpg,1
/zappos/adidas/zapposAdidas79.jpg,1
/zappos/adidas/zapposAdidas274.jpg,1
/zappos/adidas/zapposAdidas512.jpg,1
/zappos/adidas/zapposAdidas506.jpg,1
/zappos/adidas/zapposAdidas260.jpg,1
/zappos/adidas/zapposAdidas248.jpg,1
/zappos/adidas/zapposAdidas264.jpg,1
/zappos/adidas/zapposAdidas502.jpg,1
/zappos/adidas/zapposAdidas516.jpg,1
/zappos/adidas/zapposAdidas270.jpg,1
/zappos/adidas/zapposAdidas258.jpg,1
/zappos/adidas/zapposAdidas55.jpg,1
/zappos/adidas/zapposAdidas41.jpg,1
/zappos/adidas/zapposAdidas69.jpg,1
/zappos/adidas/zapposAdidas7.jpg,1
/zappos/adidas/zapposAdidas96.jpg,1
/zappos/adidas/zapposAdidas82.jpg,1
/zappos/adidas/zapposAdidas112.jpg,1
/zappos/adidas/zapposAdidas106.jpg,1
/zappos/adidas/zapposAdidas489.jpg,1
/zappos/adidas/zapposAdidas310.jpg,1
/zappos/adidas/zapposAdidas476.jpg,1
/zappos/adidas/zapposAdidas462.jpg,1
/zappos/adidas/zapposAdidas304.jpg,1
/zappos/adidas/zapposAdidas338.jpg,1
/zappos/adidas/zapposAdidas339.jpg,1
/zappos/adidas/zapposAdidas463.jpg,1
/zappos/adidas/zapposAdidas305.jpg,1
/zappos/adidas/zapposAdidas311.jpg,1
/zappos/adidas/zapposAdidas477.jpg,1
/zappos/adidas/zapposAdidas488.jpg,1
/zappos/adidas/zapposAdidas107.jpg,1
/zappos/adidas/zapposAdidas113.jpg,1
/zappos/adidas/zapposAdidas83.jpg,1
/zappos/adidas/zapposAdidas97.jpg,1
/zappos/adidas/zapposAdidas6.jpg,1
/zappos/adidas/zapposAdidas68.jpg,1
/zappos/adidas/zapposAdidas40.jpg,1
/zappos/adidas/zapposAdidas54.jpg,1
/zappos/adidas/zapposAdidas259.jpg,1
/zappos/adidas/zapposAdidas517.jpg,1
/zappos/adidas/zapposAdidas271.jpg,1
/zappos/adidas/zapposAdidas265.jpg,1
/zappos/adidas/zapposAdidas503.jpg,1
/zappos/adidas/zapposAdidas298.jpg,1
/zappos/adidas/zapposAdidas273.jpg,1
/zappos/adidas/zapposAdidas515.jpg,1
/zappos/adidas/zapposAdidas501.jpg,1
/zappos/adidas/zapposAdidas267.jpg,1
/zappos/adidas/zapposAdidas529.jpg,1
/zappos/adidas/zapposAdidas42.jpg,1
/zappos/adidas/zapposAdidas56.jpg,1
/zappos/adidas/zapposAdidas81.jpg,1
/zappos/adidas/zapposAdidas4.jpg,1
/zappos/adidas/zapposAdidas95.jpg,1
/zappos/adidas/zapposAdidas105.jpg,1
/zappos/adidas/zapposAdidas111.jpg,1
/zappos/adidas/zapposAdidas139.jpg,1
/zappos/adidas/zapposAdidas307.jpg,1
/zappos/adidas/zapposAdidas461.jpg,1
/zappos/adidas/zapposAdidas475.jpg,1
/zappos/adidas/zapposAdidas313.jpg,1
/zappos/adidas/zapposAdidas449.jpg,1
/zappos/adidas/zapposAdidas448.jpg,1
/zappos/adidas/zapposAdidas474.jpg,1
/zappos/adidas/zapposAdidas312.jpg,1
/zappos/adidas/zapposAdidas306.jpg,1
/zappos/adidas/zapposAdidas460.jpg,1
/zappos/adidas/zapposAdidas138.jpg,1
/zappos/adidas/zapposAdidas110.jpg,1
/zappos/adidas/zapposAdidas104.jpg,1
/zappos/adidas/zapposAdidas94.jpg,1
/zappos/adidas/zapposAdidas5.jpg,1
/zappos/adidas/zapposAdidas80.jpg,1
/zappos/adidas/zapposAdidas57.jpg,1
/zappos/adidas/zapposAdidas43.jpg,1
/zappos/adidas/zapposAdidas528.jpg,1
/zappos/adidas/zapposAdidas500.jpg,1
/zappos/adidas/zapposAdidas266.jpg,1
/zappos/adidas/zapposAdidas272.jpg,1
/zappos/adidas/zapposAdidas514.jpg,1
/zappos/adidas/zapposAdidas299.jpg,1
/zappos/nike/zapposnike348.jpg,1
/zappos/nike/zapposnike406.jpg,1
/zappos/nike/zapposnike360.jpg,1
/zappos/nike/zapposnike374.jpg,1
/zappos/nike/zapposnike412.jpg,1
/zappos/nike/zapposnike162.jpg,1
/zappos/nike/zapposnike604.jpg,1
/zappos/nike/zapposnike610.jpg,1
/zappos/nike/zapposnike176.jpg,1
/zappos/nike/zapposnike34.jpg,1
/zappos/nike/zapposnike189.jpg,1
/zappos/nike/zapposnike20.jpg,1
/zappos/nike/zapposnike228.jpg,1
/zappos/nike/zapposnike572.jpg,1
/zappos/nike/zapposnike214.jpg,1
/zappos/nike/zapposnike200.jpg,1
/zappos/nike/zapposnike566.jpg,1
/zappos/nike/zapposnike599.jpg,1
/zappos/nike/zapposnike598.jpg,1
/zappos/nike/zapposnike201.jpg,1
/zappos/nike/zapposnike567.jpg,1
/zappos/nike/zapposnike573.jpg,1
/zappos/nike/zapposnike215.jpg,1
/zappos/nike/zapposnike229.jpg,1
/zappos/nike/zapposnike21.jpg,1
/zappos/nike/zapposnike188.jpg,1
/zappos/nike/zapposnike35.jpg,1
/zappos/nike/zapposnike611.jpg,1
/zappos/nike/zapposnike177.jpg,1
/zappos/nike/zapposnike163.jpg,1
/zappos/nike/zapposnike605.jpg,1
/zappos/nike/zapposnike375.jpg,1
/zappos/nike/zapposnike413.jpg,1
/zappos/nike/zapposnike407.jpg,1
/zappos/nike/zapposnike361.jpg,1
/zappos/nike/zapposnike349.jpg,1
/zappos/nike/zapposnike439.jpg,1
/zappos/nike/zapposnike411.jpg,1
/zappos/nike/zapposnike377.jpg,1
/zappos/nike/zapposnike363.jpg,1
/zappos/nike/zapposnike405.jpg,1
/zappos/nike/zapposnike388.jpg,1
/zappos/nike/zapposnike149.jpg,1
/zappos/nike/zapposnike175.jpg,1
/zappos/nike/zapposnike613.jpg,1
/zappos/nike/zapposnike607.jpg,1
/zappos/nike/zapposnike161.jpg,1
/zappos/nike/zapposnike23.jpg,1
/zappos/nike/zapposnike37.jpg,1
/zappos/nike/zapposnike559.jpg,1
/zappos/nike/zapposnike565.jpg,1
/zappos/nike/zapposnike203.jpg,1
/zappos/nike/zapposnike217.jpg,1
/zappos/nike/zapposnike571.jpg,1
/zappos/nike/zapposnike216.jpg,1
/zappos/nike/zapposnike570.jpg,1
/zappos/nike/zapposnike564.jpg,1
/zappos/nike/zapposnike202.jpg,1
/zappos/nike/zapposnike558.jpg,1
/zappos/nike/zapposnike36.jpg,1
/zappos/nike/zapposnike22.jpg,1
/zappos/nike/zapposnike606.jpg,1
/zappos/nike/zapposnike160.jpg,1
/zappos/nike/zapposnike174.jpg,1
/zappos/nike/zapposnike612.jpg,1
/zappos/nike/zapposnike148.jpg,1
/zappos/nike/zapposnike389.jpg,1
/zappos/nike/zapposnike362.jpg,1
/zappos/nike/zapposnike404.jpg,1
/zappos/nike/zapposnike410.jpg,1
/zappos/nike/zapposnike376.jpg,1
/zappos/nike/zapposnike438.jpg,1
/zappos/nike/zapposnike372.jpg,1
/zappos/nike/zapposnike414.jpg,1
/zappos/nike/zapposnike400.jpg,1
/zappos/nike/zapposnike366.jpg,1
/zappos/nike/zapposnike428.jpg,1
/zappos/nike/zapposnike399.jpg,1
/zappos/nike/zapposnike616.jpg,1
/zappos/nike/zapposnike170.jpg,1
/zappos/nike/zapposnike164.jpg,1
/zappos/nike/zapposnike602.jpg,1
/zappos/nike/zapposnike158.jpg,1
/zappos/nike/zapposnike26.jpg,1
/zappos/nike/zapposnike32.jpg,1
/zappos/nike/zapposnike206.jpg,1
/zappos/nike/zapposnike560.jpg,1
/zappos/nike/zapposnike574.jpg,1
/zappos/nike/zapposnike212.jpg,1
/zappos/nike/zapposnike548.jpg,1
/zappos/nike/zapposnike549.jpg,1
/zappos/nike/zapposnike575.jpg,1
/zappos/nike/zapposnike213.jpg,1
/zappos/nike/zapposnike207.jpg,1
/zappos/nike/zapposnike561.jpg,1
/zappos/nike/zapposnike33.jpg,1
/zappos/nike/zapposnike27.jpg,1
/zappos/nike/zapposnike159.jpg,1
/zappos/nike/zapposnike165.jpg,1
/zappos/nike/zapposnike603.jpg,1
/zappos/nike/zapposnike617.jpg,1
/zappos/nike/zapposnike171.jpg,1
/zappos/nike/zapposnike398.jpg,1
/zappos/nike/zapposnike429.jpg,1
/zappos/nike/zapposnike401.jpg,1
/zappos/nike/zapposnike367.jpg,1
/zappos/nike/zapposnike373.jpg,1
/zappos/nike/zapposnike415.jpg,1
/zappos/nike/zapposnike365.jpg,1
/zappos/nike/zapposnike403.jpg,1
/zappos/nike/zapposnike417.jpg,1
/zappos/nike/zapposnike371.jpg,1
/zappos/nike/zapposnike359.jpg,1
/zappos/nike/zapposnike601.jpg,1
/zappos/nike/zapposnike167.jpg,1
/zappos/nike/zapposnike173.jpg,1
/zappos/nike/zapposnike615.jpg,1
/zappos/nike/zapposnike629.jpg,1
/zappos/nike/zapposnike19.jpg,1
/zappos/nike/zapposnike198.jpg,1
/zappos/nike/zapposnike31.jpg,1
/zappos/nike/zapposnike25.jpg,1
/zappos/nike/zapposnike211.jpg,1
/zappos/nike/zapposnike577.jpg,1
/zappos/nike/zapposnike563.jpg,1
/zappos/nike/zapposnike205.jpg,1
/zappos/nike/zapposnike239.jpg,1
/zappos/nike/zapposnike588.jpg,1
/zappos/nike/zapposnike589.jpg,1
/zappos/nike/zapposnike238.jpg,1
/zappos/nike/zapposnike562.jpg,1
/zappos/nike/zapposnike204.jpg,1
/zappos/nike/zapposnike210.jpg,1
/zappos/nike/zapposnike576.jpg,1
/zappos/nike/zapposnike24.jpg,1
/zappos/nike/zapposnike30.jpg,1
/zappos/nike/zapposnike199.jpg,1
/zappos/nike/zapposnike18.jpg,1
/zappos/nike/zapposnike628.jpg,1
/zappos/nike/zapposnike172.jpg,1
/zappos/nike/zapposnike614.jpg,1
/zappos/nike/zapposnike600.jpg,1
/zappos/nike/zapposnike166.jpg,1
/zappos/nike/zapposnike358.jpg,1
/zappos/nike/zapposnike416.jpg,1
/zappos/nike/zapposnike370.jpg,1
/zappos/nike/zapposnike364.jpg,1
/zappos/nike/zapposnike402.jpg,1
/zappos/nike/zapposnike459.jpg,1
/zappos/nike/zapposnike303.jpg,1
/zappos/nike/zapposnike465.jpg,1
/zappos/nike/zapposnike471.jpg,1
/zappos/nike/zapposnike317.jpg,1
/zappos/nike/zapposnike94.jpg,1
/zappos/nike/zapposnike80.jpg,1
/zappos/nike/zapposnike129.jpg,1
/zappos/nike/zapposnike101.jpg,1
/zappos/nike/zapposnike115.jpg,1
/zappos/nike/zapposnike57.jpg,1
/zappos/nike/zapposnike43.jpg,1
/zappos/nike/zapposnike9.jpg,1
/zappos/nike/zapposnike539.jpg,1
/zappos/nike/zapposnike277.jpg,1
/zappos/nike/zapposnike511.jpg,1
/zappos/nike/zapposnike505.jpg,1
/zappos/nike/zapposnike263.jpg,1
/zappos/nike/zapposnike288.jpg,1
/zappos/nike/zapposnike289.jpg,1
/zappos/nike/zapposnike504.jpg,1
/zappos/nike/zapposnike262.jpg,1
/zappos/nike/zapposnike276.jpg,1
/zappos/nike/zapposnike510.jpg,1
/zappos/nike/zapposnike538.jpg,1
/zappos/nike/zapposnike8.jpg,1
/zappos/nike/zapposnike42.jpg,1
/zappos/nike/zapposnike56.jpg,1
/zappos/nike/zapposnike114.jpg,1
/zappos/nike/zapposnike100.jpg,1
/zappos/nike/zapposnike128.jpg,1
/zappos/nike/zapposnike81.jpg,1
/zappos/nike/zapposnike95.jpg,1
/zappos/nike/zapposnike470.jpg,1
/zappos/nike/zapposnike316.jpg,1
/zappos/nike/zapposnike302.jpg,1
/zappos/nike/zapposnike464.jpg,1
/zappos/nike/zapposnike458.jpg,1
/zappos/nike/zapposnike328.jpg,1
/zappos/nike/zapposnike314.jpg,1
/zappos/nike/zapposnike472.jpg,1
/zappos/nike/zapposnike466.jpg,1
/zappos/nike/zapposnike300.jpg,1
/zappos/nike/zapposnike499.jpg,1
/zappos/nike/zapposnike83.jpg,1
/zappos/nike/zapposnike97.jpg,1
/zappos/nike/zapposnike116.jpg,1
/zappos/nike/zapposnike102.jpg,1
/zappos/nike/zapposnike40.jpg,1
/zappos/nike/zapposnike54.jpg,1
/zappos/nike/zapposnike68.jpg,1
/zappos/nike/zapposnike248.jpg,1
/zappos/nike/zapposnike260.jpg,1
/zappos/nike/zapposnike506.jpg,1
/zappos/nike/zapposnike512.jpg,1
/zappos/nike/zapposnike274.jpg,1
/zappos/nike/zapposnike513.jpg,1
/zappos/nike/zapposnike275.jpg,1
/zappos/nike/zapposnike261.jpg,1
/zappos/nike/zapposnike507.jpg,1
/zappos/nike/zapposnike249.jpg,1
/zappos/nike/zapposnike69.jpg,1
/zappos/nike/zapposnike55.jpg,1
/zappos/nike/zapposnike41.jpg,1
/zappos/nike/zapposnike103.jpg,1
/zappos/nike/zapposnike117.jpg,1
/zappos/nike/zapposnike96.jpg,1
/zappos/nike/zapposnike82.jpg,1
/zappos/nike/zapposnike498.jpg,1
/zappos/nike/zapposnike467.jpg,1
/zappos/nike/zapposnike301.jpg,1
/zappos/nike/zapposnike315.jpg,1
/zappos/nike/zapposnike473.jpg,1
/zappos/nike/zapposnike329.jpg,1
/zappos/nike/zapposnike477.jpg,1
/zappos/nike/zapposnike311.jpg,1
/zappos/nike/zapposnike305.jpg,1
/zappos/nike/zapposnike463.jpg,1
/zappos/nike/zapposnike339.jpg,1
/zappos/nike/zapposnike488.jpg,1
/zappos/nike/zapposnike113.jpg,1
/zappos/nike/zapposnike107.jpg,1
/zappos/nike/zapposnike86.jpg,1
/zappos/nike/zapposnike92.jpg,1
/zappos/nike/zapposnike79.jpg,1
/zappos/nike/zapposnike45.jpg,1
/zappos/nike/zapposnike51.jpg,1
/zappos/nike/zapposnike503.jpg,1
/zappos/nike/zapposnike265.jpg,1
/zappos/nike/zapposnike271.jpg,1
/zappos/nike/zapposnike517.jpg,1
/zappos/nike/zapposnike259.jpg,1
/zappos/nike/zapposnike258.jpg,1
/zappos/nike/zapposnike270.jpg,1
/zappos/nike/zapposnike516.jpg,1
/zappos/nike/zapposnike502.jpg,1
/zappos/nike/zapposnike264.jpg,1
/zappos/nike/zapposnike50.jpg,1
/zappos/nike/zapposnike44.jpg,1
/zappos/nike/zapposnike78.jpg,1
/zappos/nike/zapposnike93.jpg,1
/zappos/nike/zapposnike87.jpg,1
/zappos/nike/zapposnike106.jpg,1
/zappos/nike/zapposnike112.jpg,1
/zappos/nike/zapposnike489.jpg,1
/zappos/nike/zapposnike338.jpg,1
/zappos/nike/zapposnike304.jpg,1
/zappos/nike/zapposnike462.jpg,1
/zappos/nike/zapposnike476.jpg,1
/zappos/nike/zapposnike310.jpg,1
/zappos/nike/zapposnike460.jpg,1
/zappos/nike/zapposnike306.jpg,1
/zappos/nike/zapposnike312.jpg,1
/zappos/nike/zapposnike474.jpg,1
/zappos/nike/zapposnike448.jpg,1
/zappos/nike/zapposnike104.jpg,1
/zappos/nike/zapposnike110.jpg,1
/zappos/nike/zapposnike91.jpg,1
/zappos/nike/zapposnike138.jpg,1
/zappos/nike/zapposnike85.jpg,1
/zappos/nike/zapposnike52.jpg,1
/zappos/nike/zapposnike46.jpg,1
/zappos/nike/zapposnike514.jpg,1
/zappos/nike/zapposnike272.jpg,1
/zappos/nike/zapposnike266.jpg,1
/zappos/nike/zapposnike500.jpg,1
/zappos/nike/zapposnike528.jpg,1
/zappos/nike/zapposnike299.jpg,1
/zappos/nike/zapposnike298.jpg,1
/zappos/nike/zapposnike529.jpg,1
/zappos/nike/zapposnike267.jpg,1
/zappos/nike/zapposnike501.jpg,1
/zappos/nike/zapposnike515.jpg,1
/zappos/nike/zapposnike273.jpg,1
/zappos/nike/zapposnike47.jpg,1
/zappos/nike/zapposnike53.jpg,1
/zappos/nike/zapposnike84.jpg,1
/zappos/nike/zapposnike139.jpg,1
/zappos/nike/zapposnike90.jpg,1
/zappos/nike/zapposnike111.jpg,1
/zappos/nike/zapposnike105.jpg,1
/zappos/nike/zapposnike449.jpg,1
/zappos/nike/zapposnike313.jpg,1
/zappos/nike/zapposnike475.jpg,1
/zappos/nike/zapposnike461.jpg,1
/zappos/nike/zapposnike307.jpg,1
/zappos/nike/zapposnike478.jpg,1
/zappos/nike/zapposnike322.jpg,1
/zappos/nike/zapposnike444.jpg,1
/zappos/nike/zapposnike450.jpg,1
/zappos/nike/zapposnike336.jpg,1
/zappos/nike/zapposnike487.jpg,1
/zappos/nike/zapposnike493.jpg,1
/zappos/nike/zapposnike108.jpg,1
/zappos/nike/zapposnike89.jpg,1
/zappos/nike/zapposnike120.jpg,1
/zappos/nike/zapposnike134.jpg,1
/zappos/nike/zapposnike76.jpg,1
/zappos/nike/zapposnike62.jpg,1
/zappos/nike/zapposnike0.jpg,1
/zappos/nike/zapposnike518.jpg,1
/zappos/nike/zapposnike256.jpg,1
/zappos/nike/zapposnike530.jpg,1
/zappos/nike/zapposnike524.jpg,1
/zappos/nike/zapposnike242.jpg,1
/zappos/nike/zapposnike295.jpg,1
/zappos/nike/zapposnike281.jpg,1
/zappos/nike/zapposnike280.jpg,1
/zappos/nike/zapposnike294.jpg,1
/zappos/nike/zapposnike525.jpg,1
/zappos/nike/zapposnike243.jpg,1
/zappos/nike/zapposnike257.jpg,1
/zappos/nike/zapposnike531.jpg,1
/zappos/nike/zapposnike519.jpg,1
/zappos/nike/zapposnike1.jpg,1
/zappos/nike/zapposnike63.jpg,1
/zappos/nike/zapposnike77.jpg,1
/zappos/nike/zapposnike135.jpg,1
/zappos/nike/zapposnike121.jpg,1
/zappos/nike/zapposnike88.jpg,1
/zappos/nike/zapposnike109.jpg,1
/zappos/nike/zapposnike492.jpg,1
/zappos/nike/zapposnike486.jpg,1
/zappos/nike/zapposnike451.jpg,1
/zappos/nike/zapposnike337.jpg,1
/zappos/nike/zapposnike323.jpg,1
/zappos/nike/zapposnike445.jpg,1
/zappos/nike/zapposnike479.jpg,1
/zappos/nike/zapposnike309.jpg,1
/zappos/nike/zapposnike335.jpg,1
/zappos/nike/zapposnike453.jpg,1
/zappos/nike/zapposnike447.jpg,1
/zappos/nike/zapposnike321.jpg,1
/zappos/nike/zapposnike490.jpg,1
/zappos/nike/zapposnike484.jpg,1
/zappos/nike/zapposnike137.jpg,1
/zappos/nike/zapposnike123.jpg,1
/zappos/nike/zapposnike61.jpg,1
/zappos/nike/zapposnike75.jpg,1
/zappos/nike/zapposnike49.jpg,1
/zappos/nike/zapposnike3.jpg,1
/zappos/nike/zapposnike269.jpg,1
/zappos/nike/zapposnike241.jpg,1
/zappos/nike/zapposnike527.jpg,1
/zappos/nike/zapposnike533.jpg,1
/zappos/nike/zapposnike255.jpg,1
/zappos/nike/zapposnike282.jpg,1
/zappos/nike/zapposnike296.jpg,1
/zappos/nike/zapposnike297.jpg,1
/zappos/nike/zapposnike283.jpg,1
/zappos/nike/zapposnike532.jpg,1
/zappos/nike/zapposnike254.jpg,1
/zappos/nike/zapposnike240.jpg,1
/zappos/nike/zapposnike526.jpg,1
/zappos/nike/zapposnike268.jpg,1
/zappos/nike/zapposnike2.jpg,1
/zappos/nike/zapposnike48.jpg,1
/zappos/nike/zapposnike74.jpg,1
/zappos/nike/zapposnike60.jpg,1
/zappos/nike/zapposnike122.jpg,1
/zappos/nike/zapposnike136.jpg,1
/zappos/nike/zapposnike485.jpg,1
/zappos/nike/zapposnike491.jpg,1
/zappos/nike/zapposnike446.jpg,1
/zappos/nike/zapposnike320.jpg,1
/zappos/nike/zapposnike334.jpg,1
/zappos/nike/zapposnike452.jpg,1
/zappos/nike/zapposnike308.jpg,1
/zappos/nike/zapposnike456.jpg,1
/zappos/nike/zapposnike330.jpg,1
/zappos/nike/zapposnike324.jpg,1
/zappos/nike/zapposnike442.jpg,1
/zappos/nike/zapposnike318.jpg,1
/zappos/nike/zapposnike495.jpg,1
/zappos/nike/zapposnike481.jpg,1
/zappos/nike/zapposnike132.jpg,1
/zappos/nike/zapposnike126.jpg,1
/zappos/nike/zapposnike58.jpg,1
/zappos/nike/zapposnike64.jpg,1
/zappos/nike/zapposnike70.jpg,1
/zappos/nike/zapposnike6.jpg,1
/zappos/nike/zapposnike522.jpg,1
/zappos/nike/zapposnike244.jpg,1
/zappos/nike/zapposnike250.jpg,1
/zappos/nike/zapposnike536.jpg,1
/zappos/nike/zapposnike278.jpg,1
/zappos/nike/zapposnike287.jpg,1
/zappos/nike/zapposnike293.jpg,1
/zappos/nike/zapposnike292.jpg,1
/zappos/nike/zapposnike286.jpg,1
/zappos/nike/zapposnike279.jpg,1
/zappos/nike/zapposnike251.jpg,1
/zappos/nike/zapposnike537.jpg,1
/zappos/nike/zapposnike523.jpg,1
/zappos/nike/zapposnike245.jpg,1
/zappos/nike/zapposnike7.jpg,1
/zappos/nike/zapposnike71.jpg,1
/zappos/nike/zapposnike65.jpg,1
/zappos/nike/zapposnike59.jpg,1
/zappos/nike/zapposnike127.jpg,1
/zappos/nike/zapposnike133.jpg,1
/zappos/nike/zapposnike480.jpg,1
/zappos/nike/zapposnike494.jpg,1
/zappos/nike/zapposnike319.jpg,1
/zappos/nike/zapposnike325.jpg,1
/zappos/nike/zapposnike443.jpg,1
/zappos/nike/zapposnike457.jpg,1
/zappos/nike/zapposnike331.jpg,1
/zappos/nike/zapposnike441.jpg,1
/zappos/nike/zapposnike327.jpg,1
/zappos/nike/zapposnike333.jpg,1
/zappos/nike/zapposnike455.jpg,1
/zappos/nike/zapposnike469.jpg,1
/zappos/nike/zapposnike482.jpg,1
/zappos/nike/zapposnike496.jpg,1
/zappos/nike/zapposnike125.jpg,1
/zappos/nike/zapposnike98.jpg,1
/zappos/nike/zapposnike131.jpg,1
/zappos/nike/zapposnike119.jpg,1
/zappos/nike/zapposnike73.jpg,1
/zappos/nike/zapposnike67.jpg,1
/zappos/nike/zapposnike5.jpg,1
/zappos/nike/zapposnike535.jpg,1
/zappos/nike/zapposnike253.jpg,1
/zappos/nike/zapposnike247.jpg,1
/zappos/nike/zapposnike521.jpg,1
/zappos/nike/zapposnike509.jpg,1
/zappos/nike/zapposnike290.jpg,1
/zappos/nike/zapposnike284.jpg,1
/zappos/nike/zapposnike285.jpg,1
/zappos/nike/zapposnike291.jpg,1
/zappos/nike/zapposnike508.jpg,1
/zappos/nike/zapposnike246.jpg,1
/zappos/nike/zapposnike520.jpg,1
/zappos/nike/zapposnike534.jpg,1
/zappos/nike/zapposnike252.jpg,1
/zappos/nike/zapposnike4.jpg,1
/zappos/nike/zapposnike66.jpg,1
/zappos/nike/zapposnike72.jpg,1
/zappos/nike/zapposnike118.jpg,1
/zappos/nike/zapposnike130.jpg,1
/zappos/nike/zapposnike99.jpg,1
/zappos/nike/zapposnike124.jpg,1
/zappos/nike/zapposnike497.jpg,1
/zappos/nike/zapposnike483.jpg,1
/zappos/nike/zapposnike468.jpg,1
/zappos/nike/zapposnike332.jpg,1
/zappos/nike/zapposnike454.jpg,1
/zappos/nike/zapposnike440.jpg,1
/zappos/nike/zapposnike326.jpg,1
/zappos/nike/zapposnike369.jpg,1
/zappos/nike/zapposnike427.jpg,1
/zappos/nike/zapposnike341.jpg,1
/zappos/nike/zapposnike355.jpg,1
/zappos/nike/zapposnike433.jpg,1
/zappos/nike/zapposnike382.jpg,1
/zappos/nike/zapposnike396.jpg,1
/zappos/nike/zapposnike619.jpg,1
/zappos/nike/zapposnike143.jpg,1
/zappos/nike/zapposnike625.jpg,1
/zappos/nike/zapposnike631.jpg,1
/zappos/nike/zapposnike157.jpg,1
/zappos/nike/zapposnike15.jpg,1
/zappos/nike/zapposnike180.jpg,1
/zappos/nike/zapposnike29.jpg,1
/zappos/nike/zapposnike194.jpg,1
/zappos/nike/zapposnike209.jpg,1
/zappos/nike/zapposnike553.jpg,1
/zappos/nike/zapposnike235.jpg,1
/zappos/nike/zapposnike221.jpg,1
/zappos/nike/zapposnike547.jpg,1
/zappos/nike/zapposnike590.jpg,1
/zappos/nike/zapposnike584.jpg,1
/zappos/nike/zapposnike585.jpg,1
/zappos/nike/zapposnike591.jpg,1
/zappos/nike/zapposnike220.jpg,1
/zappos/nike/zapposnike546.jpg,1
/zappos/nike/zapposnike552.jpg,1
/zappos/nike/zapposnike234.jpg,1
/zappos/nike/zapposnike208.jpg,1
/zappos/nike/zapposnike195.jpg,1
/zappos/nike/zapposnike28.jpg,1
/zappos/nike/zapposnike181.jpg,1
/zappos/nike/zapposnike14.jpg,1
/zappos/nike/zapposnike630.jpg,1
/zappos/nike/zapposnike156.jpg,1
/zappos/nike/zapposnike142.jpg,1
/zappos/nike/zapposnike624.jpg,1
/zappos/nike/zapposnike618.jpg,1
/zappos/nike/zapposnike397.jpg,1
/zappos/nike/zapposnike383.jpg,1
/zappos/nike/zapposnike354.jpg,1
/zappos/nike/zapposnike432.jpg,1
/zappos/nike/zapposnike426.jpg,1
/zappos/nike/zapposnike340.jpg,1
/zappos/nike/zapposnike368.jpg,1
/zappos/nike/zapposnike418.jpg,1
/zappos/nike/zapposnike430.jpg,1
/zappos/nike/zapposnike356.jpg,1
/zappos/nike/zapposnike342.jpg,1
/zappos/nike/zapposnike424.jpg,1
/zappos/nike/zapposnike395.jpg,1
/zappos/nike/zapposnike381.jpg,1
/zappos/nike/zapposnike168.jpg,1
/zappos/nike/zapposnike154.jpg,1
/zappos/nike/zapposnike632.jpg,1
/zappos/nike/zapposnike626.jpg,1
/zappos/nike/zapposnike140.jpg,1
/zappos/nike/zapposnike16.jpg,1
/zappos/nike/zapposnike197.jpg,1
/zappos/nike/zapposnike183.jpg,1
/zappos/nike/zapposnike578.jpg,1
/zappos/nike/zapposnike544.jpg,1
/zappos/nike/zapposnike222.jpg,1
/zappos/nike/zapposnike236.jpg,1
/zappos/nike/zapposnike550.jpg,1
/zappos/nike/zapposnike587.jpg,1
/zappos/nike/zapposnike593.jpg,1
/zappos/nike/zapposnike592.jpg,1
/zappos/nike/zapposnike586.jpg,1
/zappos/nike/zapposnike237.jpg,1
/zappos/nike/zapposnike551.jpg,1
/zappos/nike/zapposnike545.jpg,1
/zappos/nike/zapposnike223.jpg,1
/zappos/nike/zapposnike579.jpg,1
/zappos/nike/zapposnike182.jpg,1
/zappos/nike/zapposnike196.jpg,1
/zappos/nike/zapposnike17.jpg,1
/zappos/nike/zapposnike627.jpg,1
/zappos/nike/zapposnike141.jpg,1
/zappos/nike/zapposnike155.jpg,1
/zappos/nike/zapposnike633.jpg,1
/zappos/nike/zapposnike169.jpg,1
/zappos/nike/zapposnike380.jpg,1
/zappos/nike/zapposnike394.jpg,1
/zappos/nike/zapposnike343.jpg,1
/zappos/nike/zapposnike425.jpg,1
/zappos/nike/zapposnike431.jpg,1
/zappos/nike/zapposnike357.jpg,1
/zappos/nike/zapposnike419.jpg,1
/zappos/nike/zapposnike353.jpg,1
/zappos/nike/zapposnike435.jpg,1
/zappos/nike/zapposnike421.jpg,1
/zappos/nike/zapposnike347.jpg,1
/zappos/nike/zapposnike409.jpg,1
/zappos/nike/zapposnike390.jpg,1
/zappos/nike/zapposnike384.jpg,1
/zappos/nike/zapposnike151.jpg,1
/zappos/nike/zapposnike145.jpg,1
/zappos/nike/zapposnike623.jpg,1
/zappos/nike/zapposnike179.jpg,1
/zappos/nike/zapposnike192.jpg,1
/zappos/nike/zapposnike186.jpg,1
/zappos/nike/zapposnike13.jpg,1
/zappos/nike/zapposnike227.jpg,1
/zappos/nike/zapposnike541.jpg,1
/zappos/nike/zapposnike555.jpg,1
/zappos/nike/zapposnike233.jpg,1
/zappos/nike/zapposnike569.jpg,1
/zappos/nike/zapposnike582.jpg,1
/zappos/nike/zapposnike596.jpg,1
/zappos/nike/zapposnike597.jpg,1
/zappos/nike/zapposnike583.jpg,1
/zappos/nike/zapposnike568.jpg,1
/zappos/nike/zapposnike554.jpg,1
/zappos/nike/zapposnike232.jpg,1
/zappos/nike/zapposnike226.jpg,1
/zappos/nike/zapposnike540.jpg,1
/zappos/nike/zapposnike12.jpg,1
/zappos/nike/zapposnike187.jpg,1
/zappos/nike/zapposnike193.jpg,1
/zappos/nike/zapposnike178.jpg,1
/zappos/nike/zapposnike144.jpg,1
/zappos/nike/zapposnike622.jpg,1
/zappos/nike/zapposnike150.jpg,1
/zappos/nike/zapposnike385.jpg,1
/zappos/nike/zapposnike391.jpg,1
/zappos/nike/zapposnike408.jpg,1
/zappos/nike/zapposnike420.jpg,1
/zappos/nike/zapposnike346.jpg,1
/zappos/nike/zapposnike352.jpg,1
/zappos/nike/zapposnike434.jpg,1
/zappos/nike/zapposnike344.jpg,1
/zappos/nike/zapposnike422.jpg,1
/zappos/nike/zapposnike436.jpg,1
/zappos/nike/zapposnike350.jpg,1
/zappos/nike/zapposnike378.jpg,1
/zappos/nike/zapposnike387.jpg,1
/zappos/nike/zapposnike393.jpg,1
/zappos/nike/zapposnike620.jpg,1
/zappos/nike/zapposnike146.jpg,1
/zappos/nike/zapposnike152.jpg,1
/zappos/nike/zapposnike634.jpg,1
/zappos/nike/zapposnike608.jpg,1
/zappos/nike/zapposnike185.jpg,1
/zappos/nike/zapposnike191.jpg,1
/zappos/nike/zapposnike38.jpg,1
/zappos/nike/zapposnike10.jpg,1
/zappos/nike/zapposnike230.jpg,1
/zappos/nike/zapposnike556.jpg,1
/zappos/nike/zapposnike542.jpg,1
/zappos/nike/zapposnike224.jpg,1
/zappos/nike/zapposnike218.jpg,1
/zappos/nike/zapposnike595.jpg,1
/zappos/nike/zapposnike581.jpg,1
/zappos/nike/zapposnike580.jpg,1
/zappos/nike/zapposnike594.jpg,1
/zappos/nike/zapposnike219.jpg,1
/zappos/nike/zapposnike543.jpg,1
/zappos/nike/zapposnike225.jpg,1
/zappos/nike/zapposnike231.jpg,1
/zappos/nike/zapposnike557.jpg,1
/zappos/nike/zapposnike11.jpg,1
/zappos/nike/zapposnike39.jpg,1
/zappos/nike/zapposnike190.jpg,1
/zappos/nike/zapposnike184.jpg,1
/zappos/nike/zapposnike609.jpg,1
/zappos/nike/zapposnike153.jpg,1
/zappos/nike/zapposnike621.jpg,1
/zappos/nike/zapposnike147.jpg,1
/zappos/nike/zapposnike392.jpg,1
/zappos/nike/zapposnike386.jpg,1
/zappos/nike/zapposnike379.jpg,1
/zappos/nike/zapposnike437.jpg,1
/zappos/nike/zapposnike351.jpg,1
/zappos/nike/zapposnike345.jpg,1
/zappos/nike/zapposnike423.jpg,1